recodedId,qPCR_Plate,qPCR_Row,TelomereLength,GENETIC_GROUP,FEED_GROUP,BirthYear,AGE_D,AGE_W,AGE_M,AGE_Group,VarianceGroup,AGE_Y
25,13,D,0.941479199,C,2,2009,2,0,0,1,1,0
25,14,G,0.843234265,C,2,2009,951,136,31,2,3,3
25,10,F,0.878074098,C,2,2009,1318,188,43,2,4,4
25,4,C,1.037209702,C,2,2009,1767,252,58,2,4,5
104,4,A,1.157993931,S,1,2008,6,1,0,1,1,0
104,2,C,1.293955793,S,1,2008,479,68,16,2,2,1
104,8,H,1.181408792,S,1,2008,830,119,27,2,3,2
104,19,B,1.380443486,S,1,2008,1188,170,39,2,3,3
104,21,H,1.57733474,S,1,2008,1558,223,51,2,4,4
104,13,C,1.358754196,S,1,2008,1997,285,65,2,4,5
124,16,D,1.171616704,S,2,2009,4,1,0,1,1,0
124,19,B,1.161531675,S,2,2009,393,56,13,2,2,1
124,15,D,1.056163937,S,2,2009,869,124,28,2,3,2
124,21,B,1.421473972,S,2,2009,1099,157,36,2,3,3
124,7,G,1.224258197,S,2,2009,1466,209,48,2,4,4
141,23,B,0.832427776,S,1,2010,10,1,0,1,1,0
141,8,F,0.927795262,S,1,2010,422,60,14,2,2,1
141,21,D,0.751747161,S,1,2010,730,104,24,2,3,2
141,20,G,0.740632365,S,1,2010,1105,158,36,2,3,3
141,17,C,1.102616523,S,1,2010,1547,221,51,2,4,4
202,17,B,1.321960298,C,1,2011,5,1,0,1,1,0
202,6,H,0.928822631,C,1,2011,264,38,9,2,1,1
202,16,C,1.039138868,C,1,2011,613,88,20,2,2,2
202,19,A,0.839334204,C,1,2011,1047,150,34,2,3,3
209,22,E,1.378445305,S,NULL,2011,12,2,0,1,1,0
209,1,D,0.842863239,S,NULL,2011,232,33,8,2,1,1
242,23,H,1.181250541,C,NULL,2010,5,1,0,1,1,0
242,11,F,0.972929173,C,NULL,2010,379,54,12,2,1,1
242,2,E,1.29138939,C,NULL,2010,714,102,23,2,2,2
270,24,D,0.926345015,S,1,2010,3,0,0,1,1,0
270,12,F,1.043005597,S,1,2010,374,53,12,2,1,1
270,15,D,0.970173943,S,1,2010,689,98,23,2,2,2
289,18,C,1.726690329,S,1,2009,4,1,0,1,1,0
289,16,F,0.954061204,S,1,2009,292,42,10,2,1,1
309,9,C,1.311376074,C,1,2009,8,1,0,1,1,0
309,1,G,1.016333826,C,1,2009,397,57,13,2,2,1
309,3,E,0.983369232,C,1,2009,755,108,25,2,3,2
309,10,B,1.091380156,C,1,2009,1100,157,36,2,3,3
309,13,D,1.09201369,C,1,2009,1476,211,48,2,4,4
309,19,A,1.085107834,C,1,2009,1918,274,63,2,4,5
318,18,C,1.239390357,C,2,2010,3,0,0,1,1,0
318,11,A,0.748634138,C,2,2010,528,75,17,2,2,1
318,10,G,1.01939394,C,2,2010,863,123,28,2,3,2
318,1,D,0.865728414,C,2,2010,1324,189,43,2,4,4
354,3,F,1.070926249,S,2,2010,6,1,0,1,1,0
354,18,B,1.442040303,S,2,2010,266,38,9,2,1,1
354,12,F,0.915171847,S,2,2010,614,88,20,2,2,2
354,21,G,1.012551275,S,2,2010,945,135,31,2,3,3
354,1,A,1.019863609,S,2,2010,1394,199,46,2,4,4
370,14,H,1.09493634,C,NULL,2009,2,0,0,1,1,0
370,15,D,0.902005296,C,NULL,2009,262,37,9,2,1,1
370,20,E,0.982411727,C,NULL,2009,639,91,21,2,2,2
370,2,B,1.229869524,C,NULL,2009,1388,198,46,2,4,4
370,14,E,1.360772933,C,NULL,2009,1880,269,62,2,4,5
372,13,F,1.136798675,C,2,2011,5,1,0,1,1,0
372,5,E,0.998802272,C,2,2011,328,47,11,2,1,1
372,9,D,0.872027131,C,2,2011,716,102,23,2,2,2
372,9,C,0.890061267,C,2,2011,1110,159,36,2,3,3
382,23,D,0.943275887,C,2,2010,4,1,0,1,1,0
382,1,B,1.220524782,C,2,2010,276,39,9,2,1,1
382,2,C,1.305966674,C,2,2010,1402,200,46,2,4,4
382,22,B,1.330763087,C,2,2010,624,89,20,2,2,2
382,11,D,0.912274999,C,2,2010,956,137,31,2,3,3
385,7,B,1.100308031,C,1,2010,5,1,0,1,1,0
385,18,D,0.860864638,C,1,2010,348,50,11,2,1,1
385,11,G,1.02114277,C,1,2010,696,99,23,2,2,2
385,18,D,0.845094233,C,1,2010,1033,148,34,2,3,3
428,13,G,1.221217462,C,1,2009,4,1,0,1,1,0
428,3,G,1.15456459,C,1,2009,484,69,16,2,2,1
428,11,B,1.231990738,C,1,2009,810,116,27,2,3,2
428,2,B,1.409239936,C,1,2009,1186,169,39,2,3,3
428,10,B,1.275866139,C,1,2009,1628,233,53,2,4,4
525,16,A,1.489805615,S,1,2009,9,1,0,1,1,0
525,4,H,1.058120741,S,1,2009,196,28,6,2,1,1
525,2,E,1.29918867,S,1,2009,573,82,19,2,2,2
526,3,C,1.229112281,S,1,2010,6,1,0,1,1,0
526,19,D,1.060872082,S,1,2010,372,53,12,2,1,1
526,18,A,1.048598098,S,1,2010,685,98,22,2,2,2
526,15,C,1.165359642,S,1,2010,1055,151,35,2,3,3
526,6,A,0.940903167,S,1,2010,1497,214,49,2,4,4
533,1,H,1.15184998,C,2,2008,3,0,0,1,1,0
533,6,G,1.344860933,C,2,2008,507,72,17,2,2,1
533,12,H,1.47934624,C,2,2008,881,126,29,2,3,2
533,25,D,1.128990276,C,2,2008,2243,320,74,2,4,6
533,7,D,1.325130625,C,2,2008,1213,173,40,2,3,3
533,19,F,1.46904977,C,2,2008,1580,226,52,2,4,4
533,5,D,1.15126939,C,2,2008,2029,290,67,2,4,6
562,1,H,1.00910889,S,NULL,2012,2,0,0,1,1,0
562,2,F,1.035505592,S,NULL,2012,400,57,13,2,2,1
562,2,A,1.066731492,S,NULL,2012,831,119,27,2,3,2
582,1,F,1.039234843,C,1,2011,6,1,0,1,1,0
582,22,B,0.97215917,C,1,2011,352,50,12,2,1,1
582,1,E,0.825074236,C,1,2011,701,100,23,2,2,2
582,14,F,1.008199642,C,1,2011,1134,162,37,2,3,3
625,13,A,1.27872512,C,1,2011,5,1,0,1,1,0
625,2,G,1.187881797,C,1,2011,372,53,12,2,1,1
625,20,G,1.47882729,C,1,2011,760,109,25,2,3,2
625,8,E,1.207203627,C,1,2011,1153,165,38,2,3,3
679,20,H,1.034858829,C,NULL,2010,4,1,0,1,1,0
679,17,G,1.192082813,C,NULL,2010,354,51,12,2,1,1
679,21,F,0.941056386,C,NULL,2010,675,96,22,2,2,2
679,7,A,0.914982871,C,NULL,2010,1051,150,34,2,3,3
679,4,F,0.906380463,C,NULL,2010,1356,194,44,2,4,4
680,23,B,1.241037025,S,NULL,2013,10,1,0,1,1,0
680,4,B,1.082058487,S,NULL,2013,447,64,15,2,2,1
681,3,G,1.072771305,C,2,2010,5,1,0,1,1,0
681,14,B,1.091883004,C,2,2010,502,72,16,2,2,1
681,1,G,1.073428328,C,2,2010,838,120,27,2,3,2
681,12,G,0.909960046,C,2,2010,1159,166,38,2,3,3
743,7,G,1.126438357,C,2,2012,9,1,0,1,1,0
743,20,A,1.260019705,C,2,2012,562,80,18,2,2,2
760,17,H,1.581938328,C,NULL,2010,4,1,0,1,1,0
760,16,D,1.104857851,C,NULL,2010,326,47,11,2,1,1
760,18,H,1.135214343,C,NULL,2010,670,96,22,2,2,2
760,24,B,1.115552049,C,NULL,2010,1023,146,34,2,3,3
785,18,F,1.176257955,S,1,2011,3,0,0,1,1,0
785,16,C,1.102330396,S,1,2011,465,66,15,2,2,1
785,9,F,0.925509876,S,1,2011,897,128,29,2,3,2
785,12,H,0.866355818,S,1,2011,1082,155,35,2,3,3
813,20,F,0.948316216,C,NULL,2011,3,0,0,1,1,0
813,1,D,0.875263923,C,NULL,2011,341,49,11,2,1,1
906,15,C,0.979519952,C,1,2008,4,1,0,1,1,0
906,16,B,1.035186083,C,1,2008,494,71,16,2,2,1
906,4,C,0.871940514,C,1,2008,852,122,28,2,3,2
906,20,A,0.901334242,C,1,2008,1197,171,39,2,3,3
906,19,F,1.028154569,C,1,2008,1585,226,52,2,4,4
906,19,C,1.116586957,C,1,2008,2037,291,67,2,4,6
954,24,G,1.183001656,S,NULL,2012,6,1,0,1,1,0
954,18,A,1.028933716,S,NULL,2012,246,35,8,2,1,1
954,15,B,0.993444138,S,NULL,2012,467,67,15,2,2,1
961,9,A,1.239933172,C,2,2010,7,1,0,1,1,0
961,12,F,0.970583667,C,2,2010,226,32,7,2,1,1
961,20,A,0.770973862,C,2,2010,570,81,19,2,2,2
961,6,A,0.794679152,C,2,2010,906,129,30,2,3,2
961,14,F,1.104247663,C,2,2010,1352,193,44,2,4,4
966,21,D,0.973016167,S,1,2009,10,1,0,1,1,0
966,25,G,1.539949126,S,1,2009,438,63,14,2,2,1
966,1,G,1.254672906,S,1,2009,789,113,26,2,3,2
966,19,G,1.123490676,S,1,2009,1140,163,37,2,3,3
1015,11,H,1.335010219,S,NULL,2012,1,0,0,1,1,0
1015,16,C,1.136356415,S,NULL,2012,199,28,7,2,1,1
1015,3,A,1.06177758,S,NULL,2012,591,84,19,2,2,2
1024,8,B,1.632860185,C,NULL,2010,6,1,0,1,1,0
1024,23,B,1.093733858,C,NULL,2010,1154,165,38,2,3,3
1024,23,D,0.795435644,C,NULL,2010,1602,229,53,2,4,4
1024,22,D,0.926735086,C,NULL,2010,457,65,15,2,2,1
1024,8,E,1.087751687,C,NULL,2010,776,111,25,2,3,2
1047,6,C,1.197287529,C,NULL,2012,578,83,19,2,2,2
1052,16,F,1.114463187,S,1,2009,5,1,0,1,1,0
1052,15,E,1.082354918,S,1,2009,480,69,16,2,2,1
1052,4,A,1.044615369,S,1,2009,805,115,26,2,3,2
1052,12,E,1.276509248,S,1,2009,1180,169,39,2,3,3
1052,21,D,1.002059608,S,1,2009,1622,232,53,2,4,4
1099,17,D,1.169438137,C,2,2011,6,1,0,1,1,0
1099,18,F,1.170103089,C,2,2011,401,57,13,2,2,1
1099,1,F,1.006029026,C,2,2011,736,105,24,2,3,2
1099,13,E,1.2944559,C,2,2011,1185,169,39,2,3,3
1150,4,A,0.966846357,C,2,2008,7,1,0,1,1,0
1150,25,A,0.854159454,C,2,2008,869,124,28,2,3,2
1150,10,H,0.89314526,C,2,2008,1212,173,40,2,3,3
1150,16,F,1.007860005,C,2,2008,1578,225,52,2,4,4
1178,15,A,1.305019533,S,2,2009,8,1,0,1,1,0
1178,10,D,1.281397964,S,2,2009,397,57,13,2,2,1
1178,22,D,1.017856739,S,2,2009,771,110,25,2,3,2
1178,14,H,1.094413134,S,2,2009,1105,158,36,2,3,3
1178,9,A,0.944339832,S,2,2009,1471,210,48,2,4,4
1178,2,C,1.03272706,S,2,2009,2014,288,66,2,4,6
1178,15,D,0.912621775,S,2,2009,2133,305,70,2,4,6
1284,7,A,1.014141568,S,1,2011,7,1,0,1,1,0
1284,1,F,1.081779236,S,1,2011,338,48,11,2,1,1
1284,5,F,1.11309498,S,1,2011,693,99,23,2,2,2
1284,2,A,0.893786977,S,1,2011,1138,163,37,2,3,3
1286,9,B,1.288284377,C,NULL,2010,7,1,0,1,1,0
1286,19,G,1.201331318,C,NULL,2010,504,72,17,2,2,1
1286,14,A,1.428006589,C,NULL,2010,857,122,28,2,3,2
1286,18,F,1.242248877,C,NULL,2010,1378,197,45,2,4,4
1362,12,H,1.384044907,C,1,2009,7,1,0,1,1,0
1362,24,E,0.926425508,C,1,2009,336,48,11,2,1,1
1362,8,D,1.008374877,C,1,2009,1882,269,62,2,4,5
1362,17,H,1.105509346,C,1,2009,812,116,27,2,3,2
1362,10,F,0.966910896,C,1,2009,1039,148,34,2,3,3
1362,4,B,0.952656074,C,1,2009,1415,202,46,2,4,4
1405,5,A,1.169473143,S,2,2011,7,1,0,1,1,0
1405,16,B,1.174923599,S,2,2011,227,32,7,2,1,1
1405,9,E,1.131558582,S,2,2011,576,82,19,2,2,2
1405,21,E,0.926991793,S,2,2011,1011,144,33,2,3,3
1419,7,A,1.326467989,C,NULL,2010,7,1,0,1,1,0
1419,1,E,1.176306401,C,NULL,2010,321,46,11,2,1,1
1419,1,F,1.213054516,C,NULL,2010,669,96,22,2,2,2
1419,2,D,1.140822396,C,NULL,2010,1018,145,33,2,3,3
1419,13,B,1.307895513,C,NULL,2010,1466,209,48,2,4,4
1559,21,G,1.050576603,S,NULL,2009,5,1,0,1,1,0
1559,17,B,1.196063764,S,NULL,2009,480,69,16,2,2,1
1559,2,A,0.869575415,S,NULL,2009,805,115,26,2,3,2
1559,14,D,0.928732038,S,NULL,2009,1180,169,39,2,3,3
1559,15,A,1.278007792,S,NULL,2009,1621,232,53,2,4,4
1663,18,H,1.035052859,C,NULL,2010,4,1,0,1,1,0
1663,14,A,1.08297437,C,NULL,2010,443,63,15,2,2,1
1663,3,A,1.034265706,C,NULL,2010,779,111,26,2,3,2
1663,18,C,1.263489252,C,NULL,2010,1157,165,38,2,3,3
1663,6,E,1.003298561,C,NULL,2010,1606,229,53,2,4,4
1771,18,H,1.010395823,S,2,2010,6,1,0,1,1,0
1771,25,B,0.949274212,S,2,2010,225,32,7,2,1,1
1771,16,G,0.924776213,S,2,2010,569,81,19,2,2,2
1771,7,D,0.783186698,S,2,2010,904,129,30,2,3,2
1771,4,E,0.802353155,S,2,2010,1353,193,44,2,4,4
1825,3,A,1.627742255,C,NULL,2009,10,1,0,1,1,0
1825,19,C,1.028511726,C,NULL,2009,438,63,14,2,2,1
1825,7,A,1.278208932,C,NULL,2009,787,112,26,2,3,2
1825,7,B,1.23149399,C,NULL,2009,1151,164,38,2,3,3
1825,20,D,0.99972025,C,NULL,2009,1529,218,50,2,4,4
1885,24,C,0.926899342,C,NULL,2010,6,1,0,1,1,0
1885,6,H,0.924812042,C,NULL,2010,261,37,9,2,1,1
1885,20,H,1.003487429,C,NULL,2010,609,87,20,2,2,2
1885,15,G,0.967807925,C,NULL,2010,958,137,31,2,3,3
1885,17,D,0.96070985,C,NULL,2010,1408,201,46,2,4,4
1939,6,C,1.276800447,S,2,2009,6,1,0,1,1,0
1939,17,B,1.313274044,S,2,2009,406,58,13,2,2,1
1939,16,G,1.01568255,S,2,2009,882,126,29,2,3,2
1939,1,A,1.341071838,S,2,2009,1112,159,36,2,3,3
1939,11,C,1.007831131,S,2,2009,1520,217,50,2,4,4
1939,11,A,1.285210742,S,2,2009,1940,277,64,2,4,5
1939,1,F,1.120102221,S,2,2009,2142,306,70,2,4,6
1945,17,D,0.944382992,C,1,2010,7,1,0,1,1,0
1945,15,E,1.059520945,C,1,2010,324,46,11,2,1,1
1945,7,A,0.833563444,C,1,2010,672,96,22,2,2,2
1945,4,E,1.086691737,C,1,2010,1007,144,33,2,3,3
1945,17,G,1.129799027,C,1,2010,1464,209,48,2,4,4
1973,2,G,1.090485925,C,NULL,2010,9,1,0,1,1,0
1973,19,B,1.197748115,C,NULL,2010,411,59,13,2,2,1
1973,24,B,1.251937608,C,NULL,2010,1593,228,52,2,4,4
1973,21,H,0.847099593,C,NULL,2010,730,104,24,2,3,2
1973,11,D,1.094743723,C,NULL,2010,1108,158,36,2,3,3
1980,10,A,1.114783232,S,1,2008,6,1,0,1,1,0
1980,2,G,0.933042364,S,1,2008,497,71,16,2,2,1
1980,6,F,1.049940854,S,1,2008,1574,225,52,2,4,4
1980,23,E,1.014979154,S,1,2008,2043,292,67,2,4,6
1980,10,H,1.005947934,S,1,2008,855,122,28,2,3,2
1980,2,B,1.021342298,S,1,2008,1200,171,39,2,3,3
2010,19,F,0.934171011,C,NULL,2010,7,1,0,1,1,0
2010,24,F,0.805733757,C,NULL,2010,247,35,8,2,1,1
2010,4,G,0.85956489,C,NULL,2010,944,135,31,2,3,3
2010,2,F,1.063376436,C,NULL,2010,1394,199,46,2,4,4
2035,8,D,0.920744233,C,NULL,2012,3,0,0,1,1,0
2035,3,B,1.105109727,C,NULL,2012,276,39,9,2,1,1
2035,4,E,0.9133121,C,NULL,2012,641,92,21,2,2,2
2041,8,D,0.9015392,C,1,2010,5,1,0,1,1,0
2041,19,H,0.945356759,C,1,2010,489,70,16,2,2,1
2041,11,F,1.007293014,C,1,2010,830,119,27,2,3,2
2042,9,F,0.944815532,S,2,2010,4,1,0,1,1,0
2042,18,H,0.895145368,S,2,2010,381,54,12,2,1,1
2042,10,D,0.858001887,S,2,2010,693,99,23,2,2,2
2042,1,B,1.188312907,S,2,2010,1060,151,35,2,3,3
2042,17,A,0.999818804,S,2,2010,1509,216,49,2,4,4
2093,21,G,1.187818885,S,2,2009,14,2,0,1,1,0
2093,2,A,1.051211457,S,2,2009,362,52,12,2,1,1
2093,6,B,1.040282933,S,2,2009,739,106,24,2,3,2
2093,23,A,0.926370813,S,2,2009,1071,153,35,2,3,3
2093,14,D,0.866704041,S,2,2009,1476,211,48,2,4,4
2093,9,D,1.111409907,S,2,2009,1882,269,62,2,4,5
2093,21,E,0.936767297,S,2,2009,2098,300,69,2,4,6
2187,9,H,0.874939528,C,NULL,2012,8,1,0,1,1,0
2187,13,G,0.942287613,C,NULL,2012,379,54,12,2,1,1
2187,4,D,0.776194475,C,NULL,2012,904,129,30,2,3,2
2210,24,B,1.392137648,C,1,2010,4,1,0,1,1,0
2210,1,A,1.179911213,C,1,2010,462,66,15,2,2,1
2210,14,C,1.103078942,C,1,2010,801,114,26,2,3,2
2210,1,E,1.11225011,C,1,2010,1243,178,41,2,4,3
2269,17,H,1.342424993,C,2,2008,5,1,0,1,1,0
2269,20,H,1.266952941,C,2,2008,503,72,16,2,2,1
2269,5,A,1.142219044,C,2,2008,727,104,24,2,3,2
2269,1,H,1.038883961,C,2,2008,876,125,29,2,3,2
2269,3,G,1.257777466,C,2,2008,1211,173,40,2,3,3
2269,23,F,1.03318202,C,2,2008,1577,225,52,2,4,4
2269,20,C,1.423943961,C,2,2008,1813,259,59,2,4,5
2269,2,F,1.134081687,C,2,2008,2037,291,67,2,4,6
2281,3,F,1.013855677,C,2,2011,13,2,0,1,1,0
2281,15,F,0.9738807,C,2,2011,440,63,14,2,2,1
2281,22,D,0.790950108,C,2,2011,775,111,25,2,3,2
2281,11,A,1.319205617,C,2,2011,1224,175,40,2,3,3
2298,19,E,1.277522545,C,2,2008,5,1,0,1,1,0
2298,9,B,1.24620575,C,2,2008,517,74,17,2,2,1
2298,8,H,1.18666017,C,2,2008,890,127,29,2,3,2
2298,25,E,0.97597831,C,2,2008,1225,175,40,2,3,3
2298,8,F,1.200286406,C,2,2008,1591,227,52,2,4,4
2298,15,G,1.324357479,C,2,2008,2037,291,67,2,4,6
2298,4,G,0.942238007,C,2,2008,2253,322,74,2,4,6
2349,8,E,1.084562002,S,2,2011,8,1,0,1,1,0
2349,21,C,1.016172753,S,2,2011,375,54,12,2,1,1
2349,4,F,0.942686016,S,2,2011,764,109,25,2,3,2
2349,3,H,0.752279692,S,2,2011,1263,180,41,2,4,3
2371,21,G,1.273126801,S,2,2011,2,0,0,1,1,0
2371,17,F,1.077753859,S,2,2011,558,80,18,2,2,2
2371,13,E,0.877934429,S,2,2011,991,142,32,2,3,3
2380,11,E,1.132904938,S,NULL,2009,5,1,0,1,1,0
2380,3,E,1.025763019,S,NULL,2009,265,38,9,2,1,1
2380,9,A,1.278984093,S,NULL,2009,642,92,21,2,2,2
2409,5,B,1.223013537,S,1,2008,14,2,0,1,1,0
2409,12,G,1.105828413,S,1,2008,489,70,16,2,2,1
2409,13,H,0.844676534,S,1,2008,840,120,28,2,3,2
2409,5,G,0.942013815,S,1,2008,1191,170,39,2,3,3
2409,5,C,0.973285229,S,1,2008,1566,224,51,2,4,4
2421,7,H,1.110497921,S,1,2008,12,2,0,1,1,0
2421,19,F,1.095665819,S,1,2008,440,63,14,2,2,1
2421,12,F,1.181728354,S,1,2008,798,114,26,2,3,2
2421,19,D,0.993611685,S,1,2008,1143,163,37,2,3,3
2421,15,B,1.46178557,S,1,2008,1372,196,45,2,4,4
2425,8,H,0.963757869,S,2,2008,4,1,0,1,1,0
2425,2,B,0.996792559,S,2,2008,921,132,30,2,3,3
2425,12,A,1.21734212,S,2,2008,548,78,18,2,2,2
2431,11,A,1.202255999,C,1,2009,5,1,0,1,1,0
2431,5,B,1.179828511,C,1,2009,476,68,16,2,2,1
2431,19,D,0.921039204,C,1,2009,799,114,26,2,3,2
2431,22,H,0.969384897,C,1,2009,1174,168,38,2,3,3
2431,15,G,1.037058385,C,1,2009,1627,232,53,2,4,4
2445,6,D,1.138299075,S,1,2010,4,1,0,1,1,0
2445,9,E,1.282244093,S,1,2010,244,35,8,2,1,1
2445,11,D,0.941841702,S,1,2010,592,85,19,2,2,2
2445,22,A,1.133260049,S,1,2010,927,132,30,2,3,3
2445,11,G,0.95067039,S,1,2010,1369,196,45,2,4,4
2500,23,C,1.264390932,S,2,2012,1,0,0,1,1,0
2500,18,A,1.035885499,S,2,2012,329,47,11,2,1,1
2500,20,G,0.986726565,S,2,2012,712,102,23,2,2,2
2500,15,A,0.947112795,S,2,2012,868,124,28,2,3,2
2530,7,D,1.084128481,C,NULL,2010,3,0,0,1,1,0
2530,9,A,1.153868744,C,NULL,2010,459,66,15,2,2,1
2530,17,G,1.29702985,C,NULL,2010,778,111,26,2,3,2
2530,4,B,1.464316954,C,NULL,2010,1156,165,38,2,3,3
2530,21,B,1.473612058,C,NULL,2010,1611,230,53,2,4,4
2548,19,H,1.241571754,C,2,2009,5,1,0,1,1,0
2548,11,B,1.493070048,C,2,2009,283,40,9,2,1,1
2548,17,E,1.165324281,C,2,2009,660,94,22,2,2,2
2548,5,A,1.095196533,C,2,2009,989,141,32,2,3,3
2548,18,F,1.243785714,C,2,2009,1356,194,44,2,4,4
2548,3,G,1.24138109,C,2,2009,1805,258,59,2,4,5
2559,7,B,1.437753655,S,1,2010,7,1,0,1,1,0
2559,23,G,0.998935374,S,1,2010,484,69,16,2,2,1
2559,21,D,1.034923029,S,1,2010,823,118,27,2,3,2
2559,2,H,0.842366182,S,1,2010,1265,181,41,2,4,3
2661,13,B,1.363653156,S,1,2011,6,1,0,1,1,0
2661,12,G,1.089739579,S,1,2011,258,37,8,2,1,1
2661,17,A,1.16175742,S,1,2011,607,87,20,2,2,2
2661,18,A,1.516630761,S,1,2011,1039,148,34,2,3,3
2680,12,G,1.045468641,S,2,2011,2,0,0,1,1,0
2680,3,D,0.973992014,S,2,2011,492,70,16,2,2,1
2680,14,C,1.15836734,S,2,2011,925,132,30,2,3,3
2741,22,F,1.195232926,S,2,2011,7,1,0,1,1,0
2741,17,F,1.11719625,S,2,2011,277,40,9,2,1,1
2741,20,D,1.041641691,S,2,2011,626,89,21,2,2,2
2741,3,C,1.358734649,S,2,2011,1061,152,35,2,3,3
2790,20,E,0.957451652,S,NULL,2009,531,76,17,2,2,1
2866,1,B,1.226397094,C,NULL,2012,2,0,0,1,1,0
2866,9,H,1.028214259,C,NULL,2012,563,80,18,2,2,2
2874,24,H,0.964747484,C,NULL,2010,5,1,0,1,1,0
2874,7,G,1.058954307,C,NULL,2010,407,58,13,2,2,1
2874,3,B,1.119935854,C,NULL,2010,1104,158,36,2,3,3
2880,17,C,1.132054774,S,2,2010,5,1,0,1,1,0
2880,15,E,1.013764867,S,2,2010,516,74,17,2,2,1
2880,14,E,0.786765428,S,2,2010,852,122,28,2,3,2
2880,18,H,0.98182839,S,2,2010,1298,185,43,2,4,4
2929,10,B,1.471208438,C,NULL,2010,4,1,0,1,1,0
2929,23,D,0.908525579,C,NULL,2010,529,76,17,2,2,1
2929,24,C,1.110983253,C,NULL,2010,905,129,30,2,3,2
2947,6,H,0.877418403,C,2,2011,12,2,0,1,1,0
2947,15,C,1.092121557,C,2,2011,296,42,10,2,1,1
2947,14,D,0.788561948,C,2,2011,651,93,21,2,2,2
2947,9,C,0.853394084,C,2,2011,1142,163,37,2,3,3
3006,3,C,1.215535595,C,2,2010,7,1,0,1,1,0
3006,14,A,1.147794352,C,2,2010,511,73,17,2,2,1
3006,14,D,0.762145449,C,2,2010,847,121,28,2,3,2
3006,19,D,0.738168351,C,2,2010,1293,185,42,2,4,4
3006,3,A,0.985582004,C,2,2010,1479,211,48,2,4,4
3007,23,E,0.990482222,S,2,2009,12,2,0,1,1,0
3007,20,G,1.17994623,S,2,2009,360,51,12,2,1,1
3007,5,H,1.303694052,S,2,2009,734,105,24,2,3,2
3007,7,H,0.8157655,S,2,2009,1066,152,35,2,3,3
3034,8,A,1.172233363,S,1,2010,4,1,0,1,1,0
3034,19,G,0.996560367,S,1,2010,209,30,7,2,1,1
3034,13,A,1.052175433,S,1,2010,553,79,18,2,2,2
3034,14,G,0.963773941,S,1,2010,894,128,29,2,3,2
3037,25,C,1.133440499,C,2,2010,5,1,0,1,1,0
3037,13,G,1.198119369,C,2,2010,284,41,9,2,1,1
3037,15,D,1.088066406,C,2,2010,964,138,32,2,3,3
3037,23,A,0.917575274,C,2,2010,1424,203,47,2,4,4
3062,5,G,1.137097391,C,NULL,2010,4,1,0,1,1,0
3062,12,C,0.862114177,C,NULL,2010,354,51,12,2,1,1
3062,3,G,1.082071055,C,NULL,2010,702,100,23,2,2,2
3062,7,F,1.031493929,C,NULL,2010,1051,150,34,2,3,3
3062,9,B,0.979729209,C,NULL,2010,1578,225,52,2,4,4
3131,23,F,0.929129122,S,1,2010,3,0,0,1,1,0
3131,7,A,0.803056599,S,1,2010,282,40,9,2,1,1
3131,10,H,0.921042707,S,1,2010,630,90,21,2,2,2
3131,1,A,0.832363939,S,1,2010,967,138,32,2,3,3
3131,12,C,1.072818798,S,1,2010,1409,201,46,2,4,4
3230,6,G,1.185931564,S,NULL,2009,9,1,0,1,1,0
3230,15,F,0.897017566,S,NULL,2009,310,44,10,2,1,1
3230,9,G,0.750427595,S,NULL,2009,687,98,23,2,2,2
3254,11,E,1.21646236,C,2,2010,5,1,0,1,1,0
3254,21,B,0.993052322,C,2,2010,489,70,16,2,2,1
3254,13,G,1.26843135,C,2,2010,825,118,27,2,3,2
3254,3,F,0.948747879,C,2,2010,1271,182,42,2,4,3
3278,1,G,1.035660435,S,2,2011,6,1,0,1,1,0
3278,22,H,1.186275071,S,2,2011,226,32,7,2,1,1
3278,8,G,1.064250628,S,2,2011,575,82,19,2,2,2
3278,5,H,1.039597154,S,2,2011,1010,144,33,2,3,3
3386,10,A,1.227149686,C,1,2009,12,2,0,1,1,0
3386,23,C,1.094264396,C,1,2009,521,74,17,2,2,1
3386,21,F,1.132220374,C,1,2009,844,121,28,2,3,2
3386,17,C,1.52042459,C,1,2009,1219,174,40,2,3,3
3524,13,B,1.364716674,C,NULL,2010,4,1,0,1,1,0
3524,4,G,0.978458946,C,NULL,2010,426,61,14,2,2,1
3533,2,F,0.903226699,C,NULL,2012,8,1,0,1,1,0
3533,15,B,0.737591047,C,NULL,2012,206,29,7,2,1,1
3533,6,D,0.711132647,C,NULL,2012,598,85,20,2,2,2
3533,22,E,0.702173009,C,NULL,2012,731,104,24,2,3,2
3609,10,C,0.978194415,S,1,2011,8,1,0,1,1,0
3609,22,A,0.880639769,S,1,2011,346,49,11,2,1,1
3609,25,C,1.281518021,S,1,2011,695,99,23,2,2,2
3609,2,H,1.108103216,S,1,2011,1142,163,37,2,3,3
3610,14,D,1.007286624,C,NULL,2010,5,1,0,1,1,0
3610,21,F,1.154427546,C,NULL,2010,319,46,10,2,1,1
3610,20,B,0.88552548,C,NULL,2010,654,93,21,2,2,2
3610,20,B,0.943183667,C,NULL,2010,1016,145,33,2,3,3
3610,2,E,0.874485365,C,NULL,2010,1467,210,48,2,4,4
3661,18,G,1.441392266,S,2,2009,6,1,0,1,1,0
3661,3,F,1.36930876,S,2,2009,203,29,7,2,1,1
3661,21,G,1.254023402,S,2,2009,582,83,19,2,2,2
3661,12,A,1.003449278,S,2,2009,909,130,30,2,3,2
3661,14,E,1.109834578,S,2,2009,1276,182,42,2,4,3
3661,9,B,1.227153656,S,2,2009,1725,246,57,2,4,5
3661,2,H,1.118824965,S,2,2009,1939,277,64,2,4,5
3735,13,D,1.321845124,C,2,2011,5,1,0,1,1,0
3735,3,B,1.312765645,C,2,2011,264,38,9,2,1,1
3735,16,F,0.944029542,C,2,2011,619,88,20,2,2,2
3735,7,G,1.137383723,C,2,2011,1046,149,34,2,3,3
3795,9,F,1.233789656,C,2,2010,3,0,0,1,1,0
3795,13,A,1.064628618,C,2,2010,514,73,17,2,2,1
3795,6,G,0.947727135,C,2,2010,850,121,28,2,3,2
3795,23,G,1.12063557,C,2,2010,1296,185,42,2,4,4
3926,5,C,1.288303424,C,1,2008,7,1,0,1,1,0
3926,17,A,1.284008824,C,1,2008,544,78,18,2,2,1
3926,16,F,0.882375988,C,1,2008,895,128,29,2,3,2
3926,3,D,0.924597235,C,1,2008,1246,178,41,2,4,3
3926,13,A,1.089028225,C,1,2008,1621,232,53,2,4,4
3926,24,H,1.076288168,C,1,2008,2062,295,68,2,4,6
3927,15,G,1.596574494,S,1,2009,5,1,0,1,1,0
3927,8,A,1.273885755,S,1,2009,487,70,16,2,2,1
3927,19,A,1.03644843,S,1,2009,796,114,26,2,3,2
3927,21,C,1.173147044,S,1,2009,1172,167,38,2,3,3
3927,12,B,1.411931502,S,1,2009,1613,230,53,2,4,4
3965,5,F,1.210204947,C,1,2010,4,1,0,1,1,0
3965,16,D,1.178635009,C,1,2010,223,32,7,2,1,1
3965,8,C,1.477987743,C,1,2010,567,81,19,2,2,2
3965,6,G,1.123440709,C,1,2010,908,130,30,2,3,2
3965,5,H,1.242445443,C,1,2010,1350,193,44,2,4,4
3987,9,G,1.152667533,C,NULL,2012,3,0,0,1,1,0
3987,10,A,0.919692443,C,NULL,2012,419,60,14,2,2,1
3987,15,H,0.701369218,C,NULL,2012,944,135,31,2,3,3
4022,8,B,1.25504189,S,1,2011,11,2,0,1,1,0
4022,19,G,1.117084023,S,1,2011,270,39,9,2,1,1
4022,18,G,1.240577163,S,1,2011,625,89,20,2,2,2
4022,6,H,1.283690555,S,1,2011,840,120,28,2,3,2
4028,22,G,1.113416729,C,1,2009,5,1,0,1,1,0
4028,8,A,0.746548389,C,1,2009,241,34,8,2,1,1
4028,3,F,0.918586823,C,1,2009,618,88,20,2,2,2
4028,3,C,0.841348066,C,1,2009,943,135,31,2,3,3
4028,11,D,0.813635957,C,1,2009,1318,188,43,2,4,4
4028,25,E,0.767779373,C,1,2009,1775,254,58,2,4,5
4091,23,H,1.28716529,C,1,2009,3,0,0,1,1,0
4091,20,G,1.132822353,C,1,2009,499,71,16,2,2,1
4091,18,E,1.042920856,C,1,2009,825,118,27,2,3,2
4100,14,C,1.071373497,C,NULL,2012,6,1,0,1,1,0
4100,22,E,0.856315209,C,NULL,2012,377,54,12,2,1,1
4102,9,D,1.038173696,C,2,2009,6,1,0,1,1,0
4102,8,G,1.046522662,C,2,2009,347,50,11,2,1,1
4102,17,G,1.130042612,C,2,2009,724,103,24,2,3,2
4102,18,D,1.133792898,C,2,2009,1053,150,35,2,3,3
4102,21,G,1.275188434,C,2,2009,1420,203,47,2,4,4
4102,11,B,1.157562543,C,2,2009,1881,269,62,2,4,5
4102,2,G,1.081922945,C,2,2009,2083,298,68,2,4,6
4118,1,D,0.827725116,C,NULL,2011,5,1,0,1,1,0
4118,14,B,1.13171131,C,NULL,2011,462,66,15,2,2,1
4133,16,D,1.08347403,C,NULL,2010,6,1,0,1,1,0
4133,1,D,0.876223227,C,NULL,2010,198,28,6,2,1,1
4133,19,H,1.250408159,C,NULL,2010,542,77,18,2,2,1
4133,11,F,1.136105345,C,NULL,2010,895,128,29,2,3,2
4146,20,F,1.235879775,S,2,2009,6,1,0,1,1,0
4146,15,F,1.2115461,S,2,2009,287,41,9,2,1,1
4146,16,H,1.324323874,S,2,2009,763,109,25,2,3,2
4146,18,C,1.433854364,S,2,2009,995,142,33,2,3,3
4146,4,D,0.888832922,S,2,2009,1361,194,45,2,4,4
4146,8,H,0.903579536,S,2,2009,1821,260,60,2,4,5
4159,25,C,1.30541604,C,NULL,2010,3,0,0,1,1,0
4159,8,E,1.02148716,C,NULL,2010,431,62,14,2,2,1
4159,16,E,1.21543827,C,NULL,2010,766,109,25,2,3,2
4159,17,H,1.486348918,C,NULL,2010,1128,161,37,2,3,3
4159,5,A,1.215630811,C,NULL,2010,1515,216,50,2,4,4
4287,10,G,1.142907619,S,1,2011,8,1,0,1,1,0
4287,23,B,1.132975392,S,1,2011,278,40,9,2,1,1
4287,14,A,0.888449562,S,1,2011,627,90,21,2,2,2
4287,10,A,0.827081093,S,1,2011,1074,153,35,2,3,3
4391,5,A,0.827728479,S,1,2008,3,0,0,1,1,0
4391,3,A,0.91422871,S,1,2008,476,68,16,2,2,1
4391,2,C,1.022860543,S,1,2008,1555,222,51,2,4,4
4391,22,A,1.144345785,S,1,2008,1997,285,65,2,4,5
4391,21,H,0.779862758,S,1,2008,834,119,27,2,3,2
4391,6,B,0.985740439,S,1,2008,1179,168,39,2,3,3
4407,1,E,1.31329169,C,2,2009,5,1,0,1,1,0
4407,19,C,0.973117649,C,2,2009,265,38,9,2,1,1
4407,12,D,0.859330454,C,2,2009,642,92,21,2,2,2
4407,5,C,1.048889914,C,2,2009,971,139,32,2,3,3
4407,4,D,1.109758999,C,2,2009,1338,191,44,2,4,4
4407,22,H,0.998388825,C,2,2009,1764,252,58,2,4,5
4430,12,E,1.108012072,C,1,2011,11,2,0,1,1,0
4430,5,C,1.400299173,C,1,2011,438,63,14,2,2,1
4430,12,D,0.86324848,C,1,2011,793,113,26,2,3,2
4430,20,C,1.134444804,C,1,2011,1219,174,40,2,3,3
4440,11,B,1.278000872,C,2,2011,8,1,0,1,1,0
4440,23,A,1.253023696,C,2,2011,306,44,10,2,1,1
4440,4,H,1.180561748,C,2,2011,655,94,21,2,2,2
4440,21,E,1.114053056,C,2,2011,1090,156,36,2,3,3
4529,19,A,1.091655495,C,1,2011,5,1,0,1,1,0
4529,3,C,0.880729365,C,1,2011,400,57,13,2,2,1
4529,4,G,0.944217653,C,1,2011,749,107,25,2,3,2
4529,16,H,1.02036619,C,1,2011,1183,169,39,2,3,3
4607,22,C,0.979861134,S,1,2011,9,1,0,1,1,0
4607,5,C,0.796141361,S,1,2011,340,49,11,2,1,1
4607,10,A,1.023589562,S,1,2011,689,98,23,2,2,2
4607,1,C,0.769452782,S,1,2011,1121,160,37,2,3,3
4609,16,E,0.934248916,C,1,2011,11,2,0,1,1,0
4609,21,C,1.061182722,C,1,2011,295,42,10,2,1,1
4609,7,H,1.084156816,C,1,2011,683,98,22,2,2,2
4662,23,H,0.948326917,S,NULL,2012,11,2,0,1,1,0
4662,8,F,0.839561547,S,NULL,2012,224,32,7,2,1,1
4662,18,B,1.118727194,S,NULL,2012,749,107,25,2,3,2
4663,7,C,1.033782237,S,2,2011,7,1,0,1,1,0
4663,4,F,1.065524394,S,2,2011,374,53,12,2,1,1
4663,3,B,1.105487401,S,2,2011,750,107,25,2,3,2
4663,22,B,1.124945575,S,2,2011,1157,165,38,2,3,3
4718,10,E,1.210823003,S,2,2010,4,1,0,1,1,0
4718,13,A,1.108942616,S,2,2010,399,57,13,2,2,1
4718,23,H,0.749232947,S,2,2010,712,102,23,2,2,2
4718,21,A,1.116095904,S,2,2010,1119,160,37,2,3,3
4718,17,C,1.111375929,S,2,2010,1527,218,50,2,4,4
4755,2,E,1.001171358,S,2,2010,8,1,0,1,1,0
4755,17,E,1.073341743,S,2,2010,217,31,7,2,1,1
4755,10,C,0.899621375,S,2,2010,561,80,18,2,2,2
4755,2,D,0.794470651,S,2,2010,897,128,29,2,3,2
4755,20,B,0.881083212,S,2,2010,1343,192,44,2,4,4
4893,22,B,1.345124153,C,1,2009,4,1,0,1,1,0
4893,14,B,1.329658859,C,1,2009,316,45,10,2,1,1
4893,20,D,1.102432584,C,1,2009,792,113,26,2,3,2
4893,20,C,1.127353751,C,1,2009,1018,145,33,2,3,3
4893,11,G,1.188645219,C,1,2009,1393,199,46,2,4,4
4893,19,E,1.188406167,C,1,2009,1624,232,53,2,4,4
4924,23,D,0.95326181,C,2,2010,10,1,0,1,1,0
4924,14,E,0.901635681,C,2,2010,202,29,7,2,1,1
4924,2,H,0.759996377,C,2,2010,546,78,18,2,2,1
4924,13,D,0.812976452,C,2,2010,923,132,30,2,3,3
4925,22,A,0.929998569,C,1,2011,11,2,0,1,1,0
4925,15,C,0.821014068,C,1,2011,396,57,13,2,2,1
4925,21,F,0.975191904,C,1,2011,745,106,24,2,3,2
4957,8,A,1.022809374,C,NULL,2008,3,0,0,1,1,0
4957,18,E,1.061003759,C,NULL,2008,458,65,15,2,2,1
4957,1,E,0.978116482,C,NULL,2008,807,115,26,2,3,2
4957,2,G,1.039600276,C,NULL,2008,1171,167,38,2,3,3
4967,8,C,1.148149658,S,2,2012,4,1,0,1,1,0
4967,10,B,1.437519567,S,2,2012,257,37,8,2,1,1
4967,1,D,1.008644344,S,2,2012,640,91,21,2,2,2
4967,13,E,1.264006105,S,2,2012,796,114,26,2,3,2
5003,7,H,1.313270657,C,1,2009,6,1,0,1,1,0
5003,10,E,1.041456952,C,1,2009,533,76,17,2,2,1
5003,1,B,1.117358545,C,1,2009,858,123,28,2,3,2
5003,22,B,1.175791771,C,1,2009,1234,176,40,2,3,3
5013,2,C,1.381319408,S,1,2012,5,1,0,1,1,0
5013,20,H,1.291582984,S,1,2012,683,98,22,2,2,2
5050,4,D,1.262667601,S,2,2009,8,1,0,1,1,0
5050,5,B,1.187403994,S,2,2009,454,65,15,2,2,1
5050,21,F,1.128909395,S,2,2009,781,112,26,2,3,2
5050,10,F,1.369789916,S,2,2009,1148,164,38,2,3,3
5050,22,D,1.135699282,S,2,2009,1597,228,52,2,4,4
5054,23,A,0.990310312,C,1,2009,6,1,0,1,1,0
5054,9,H,1.197685695,C,1,2009,895,128,29,2,3,2
5054,12,C,1.429597405,C,1,2009,1270,181,42,2,4,3
5054,3,B,1.178734076,C,1,2009,1712,245,56,2,4,5
5105,7,C,1.433673221,S,NULL,2014,9,1,0,1,1,0
5105,7,B,1.168620816,S,NULL,2014,30,4,1,1,1,0
5126,6,F,1.209502563,S,NULL,2012,9,1,0,1,1,0
5126,23,A,1.016711116,S,NULL,2012,369,53,12,2,1,1
5199,1,A,1.198036958,C,NULL,2012,7,1,0,1,1,0
5199,17,D,1.30676413,C,NULL,2012,836,119,27,2,3,2
5207,12,A,1.205122601,C,1,2011,6,1,0,1,1,0
5207,20,H,1.180414009,C,1,2011,1154,165,38,2,3,3
5207,2,D,1.004297936,C,1,2011,373,53,12,2,1,1
5207,18,A,1.211626125,C,1,2011,722,103,24,2,3,2
5298,18,F,1.531529306,S,1,2010,5,1,0,1,1,0
5298,6,C,1.058586844,S,1,2010,449,64,15,2,2,1
5298,21,B,1.304300883,S,1,2010,774,111,25,2,3,2
5298,6,D,1.026630296,S,1,2010,1149,164,38,2,3,3
5298,4,A,1.110887951,S,1,2010,1591,227,52,2,4,4
5315,7,E,1.299007389,C,1,2008,1,0,0,1,1,0
5315,9,A,1.023182132,C,1,2008,450,64,15,2,2,1
5315,25,E,1.267990166,C,1,2008,1564,223,51,2,4,4
5315,11,A,1.227973965,C,1,2008,1989,284,65,2,4,5
5330,24,H,0.792008333,S,1,2010,1,0,0,1,1,0
5330,3,E,0.882402527,S,1,2010,9,1,0,1,1,0
5330,14,C,1.041397964,S,1,2010,241,34,8,2,1,1
5330,6,A,0.785852554,S,1,2010,926,132,30,2,3,3
5330,24,F,0.790180013,S,1,2010,1368,195,45,2,4,4
5338,8,F,1.129410193,C,NULL,2009,3,0,0,1,1,0
5338,12,D,1.10894398,C,NULL,2009,470,67,15,2,2,1
5338,12,B,1.105301317,C,NULL,2009,820,117,27,2,3,2
5338,20,D,1.09777926,C,NULL,2009,1182,169,39,2,3,3
5338,23,D,0.977243137,C,NULL,2009,1630,233,53,2,4,4
5419,23,C,1.087288455,C,2,2009,3,0,0,1,1,0
5419,17,A,1.134875424,C,2,2009,795,114,26,2,3,2
5419,6,B,0.93460249,C,2,2009,1028,147,34,2,3,3
5419,12,F,1.111295747,C,2,2009,1433,205,47,2,4,4
5419,10,C,1.2394221,C,2,2009,1839,263,60,2,4,5
5419,9,C,1.123127969,C,2,2009,2055,294,67,2,4,6
5501,24,G,1.374126714,S,2,2009,6,1,0,1,1,0
5501,5,H,1.169455674,S,2,2009,488,70,16,2,2,1
5501,21,H,0.841796319,S,2,2009,815,116,27,2,3,2
5501,4,A,1.088849193,S,2,2009,1182,169,39,2,3,3
5501,16,F,1.160578587,S,2,2009,1608,230,53,2,4,4
5552,8,A,1.221163515,C,2,2010,3,0,0,1,1,0
5552,20,B,1.16638925,C,2,2010,369,53,12,2,1,1
5552,23,F,0.871928437,C,2,2010,683,98,22,2,2,2
5552,14,C,1.251450584,C,2,2010,1089,156,36,2,3,3
5552,4,G,1.019017761,C,2,2010,1495,214,49,2,4,4
5568,15,G,1.101262076,C,1,2011,6,1,0,1,1,0
5568,5,H,0.765979731,C,1,2011,544,78,18,2,2,1
5568,7,E,1.072387607,C,1,2011,956,137,31,2,3,3
5654,8,D,0.978758123,C,2,2010,3,0,0,1,1,0
5654,5,D,0.881828083,C,2,2010,425,61,14,2,2,1
5654,5,B,0.882598728,C,2,2010,739,106,24,2,3,2
5654,21,A,0.797681748,C,2,2010,1158,165,38,2,3,3
5654,3,E,0.951569041,C,2,2010,1530,219,50,2,4,4
5672,2,D,1.07938761,C,NULL,2012,3,0,0,1,1,0
5672,22,D,0.95835869,C,NULL,2012,248,35,8,2,1,1
5709,18,A,1.082814048,C,2,2009,8,1,0,1,1,0
5709,22,C,0.91933296,C,2,2009,251,36,8,2,1,1
5709,19,A,1.013330713,C,2,2009,629,90,21,2,2,2
5709,18,B,1.274616579,C,2,2009,959,137,31,2,3,3
5709,19,A,0.925991104,C,2,2009,1325,189,43,2,4,4
5709,24,D,0.825905951,C,2,2009,1771,253,58,2,4,5
5742,21,D,1.201862149,S,1,2009,5,1,0,1,1,0
5742,5,A,1.199029755,S,1,2009,474,68,16,2,2,1
5742,3,H,0.966270042,S,1,2009,799,114,26,2,3,2
5742,10,E,1.102162287,S,1,2009,1174,168,38,2,3,3
5742,5,E,1.013974051,S,1,2009,1616,231,53,2,4,4
5746,3,H,1.346289962,S,2,2011,11,2,0,1,1,0
5746,18,E,1.180588852,S,2,2011,364,52,12,2,1,1
5746,14,G,1.319378542,S,2,2011,719,103,24,2,3,2
5746,16,C,1.112631997,S,2,2011,1243,178,41,2,4,3
5751,13,E,1.276306651,S,2,2010,4,1,0,1,1,0
5751,7,E,1.133196358,S,2,2010,529,76,17,2,2,1
5751,10,G,1.420015337,S,2,2010,864,123,28,2,3,2
5751,17,E,1.197381342,S,2,2010,1313,188,43,2,4,4
5756,6,H,0.953721951,C,2,2010,5,1,0,1,1,0
5756,7,E,1.041621813,C,2,2010,417,60,14,2,2,1
5756,2,G,1.200519933,C,2,2010,730,104,24,2,3,2
5756,3,F,1.041109128,C,2,2010,1096,157,36,2,3,3
5792,23,C,1.372874785,C,1,2011,4,1,0,1,1,0
5792,14,B,1.027763788,C,1,2011,250,36,8,2,1,1
5792,24,E,0.95134227,C,1,2011,1033,148,34,2,3,3
5792,8,A,0.903777142,C,1,2011,605,86,20,2,2,2
5795,10,H,1.358868393,C,1,2012,7,1,0,1,1,0
5795,25,H,1.180393571,C,1,2012,568,81,19,2,2,2
5894,14,F,1.130947635,C,1,2009,3,0,0,1,1,0
5894,21,A,1.041785754,C,1,2009,315,45,10,2,1,1
5894,7,A,0.939419061,C,1,2009,693,99,23,2,2,2
5894,24,E,0.991095506,C,1,2009,1017,145,33,2,3,3
5894,4,G,1.051949741,C,1,2009,1341,192,44,2,4,4
5939,16,E,0.800210358,C,1,2010,5,1,0,1,1,0
5939,17,B,0.951186703,C,1,2010,257,37,8,2,1,1
5939,5,F,0.734854889,C,1,2010,578,83,19,2,2,2
5939,18,F,0.702023079,C,1,2010,940,134,31,2,3,3
5939,8,C,0.851942864,C,1,2010,1263,180,41,2,4,3
6029,6,B,1.099211604,S,2,2011,5,1,0,1,1,0
6029,11,E,0.849352556,S,2,2011,251,36,8,2,1,1
6029,11,A,0.809794382,S,2,2011,600,86,20,2,2,2
6029,12,C,1.009262959,S,2,2011,1035,148,34,2,3,3
6101,10,F,1.225508123,S,1,2010,8,1,0,1,1,0
6101,7,E,1.147804502,S,1,2010,505,72,17,2,2,1
6101,22,G,1.107872571,S,1,2010,844,121,28,2,3,2
6118,4,B,1.627582903,C,2,2009,4,1,0,1,1,0
6118,20,C,1.225142667,C,2,2009,500,71,16,2,2,1
6118,10,E,1.148297873,C,2,2009,1643,235,54,2,4,5
6118,12,G,1.296485207,C,2,2009,831,119,27,2,3,2
6118,16,H,1.114920536,C,2,2009,1197,171,39,2,3,3
6123,13,C,1.141678924,C,1,2011,8,1,0,1,1,0
6123,10,D,0.692614839,C,1,2011,403,58,13,2,2,1
6123,13,B,0.86232701,C,1,2011,744,106,24,2,3,2
6123,12,A,0.699172688,C,1,2011,1186,169,39,2,3,3
6128,21,E,1.438119197,C,2,2011,4,1,0,1,1,0
6128,10,D,0.991487105,C,2,2011,302,43,10,2,1,1
6128,17,D,1.579769039,C,2,2011,651,93,21,2,2,2
6128,12,H,1.192607474,C,2,2011,1084,155,36,2,3,3
6131,22,C,1.255712873,C,NULL,2009,6,1,0,1,1,0
6131,24,A,0.982942745,C,NULL,2009,486,69,16,2,2,1
6131,21,D,1.096718676,C,NULL,2009,822,117,27,2,3,2
6131,5,H,0.969040477,C,NULL,2009,1200,171,39,2,3,3
6140,15,G,0.989939175,S,2,2010,6,1,0,1,1,0
6140,22,H,0.753579169,S,2,2010,261,37,9,2,1,1
6140,4,D,1.033344497,S,2,2010,940,134,31,2,3,3
6157,13,C,1.227622339,S,NULL,2014,9,1,0,1,1,0
6203,12,E,1.132660717,C,2,2011,5,1,0,1,1,0
6203,19,D,1.010858743,C,2,2011,358,51,12,2,1,1
6203,22,C,1.199032812,C,2,2011,734,105,24,2,3,2
6203,18,H,1.257772,C,2,2011,1142,163,37,2,3,3
6236,10,D,1.19783529,C,2,2008,7,1,0,1,1,0
6236,7,C,1.064093344,C,2,2008,544,78,18,2,2,1
6236,3,A,0.942378771,C,2,2008,1617,231,53,2,4,4
6236,1,H,0.798681399,C,2,2008,2066,295,68,2,4,6
6236,24,B,1.101735776,C,2,2008,2280,326,75,2,4,6
6236,14,A,0.901966087,C,2,2008,917,131,30,2,3,3
6236,22,C,1.096591065,C,2,2008,1250,179,41,2,4,3
6365,18,C,1.333481872,S,1,2009,1,0,0,1,1,0
6365,23,F,1.057177106,S,1,2009,401,57,13,2,2,1
6365,24,A,0.773188672,S,1,2009,1527,218,50,2,4,4
6365,13,F,0.989470779,S,1,2009,1935,276,63,2,4,5
6365,10,H,0.853304409,S,1,2009,759,108,25,2,3,2
6389,21,A,1.543991614,S,2,2009,4,1,0,1,1,0
6389,18,B,1.399502709,S,2,2009,418,60,14,2,2,1
6389,4,D,1.052893681,S,2,2009,791,113,26,2,3,2
6389,20,B,1.453075423,S,2,2009,1127,161,37,2,3,3
6389,14,H,1.286936093,S,2,2009,1492,213,49,2,4,4
6389,12,E,1.010692811,S,2,2009,1937,277,64,2,4,5
6431,2,E,1.134757836,C,NULL,2009,5,1,0,1,1,0
6431,7,F,1.174238461,C,NULL,2009,293,42,10,2,1,1
6431,5,E,0.949652666,C,NULL,2009,670,96,22,2,2,2
6431,24,G,0.9928157,C,NULL,2009,1006,144,33,2,3,3
6431,9,F,1.060367619,C,NULL,2009,1384,198,45,2,4,4
6431,10,F,1.373285147,C,NULL,2009,1836,262,60,2,4,5
6436,8,D,1.053290674,C,1,2010,6,1,0,1,1,0
6436,22,F,0.978097252,C,1,2010,261,37,9,2,1,1
6436,1,F,1.083544615,C,1,2010,609,87,20,2,2,2
6436,2,A,0.908493243,C,1,2010,944,135,31,2,3,3
6447,6,G,1.265875756,S,2,2009,5,1,0,1,1,0
6447,1,B,1.185688592,S,2,2009,248,35,8,2,1,1
6447,16,G,1.118126473,S,2,2009,625,89,20,2,2,2
6535,8,E,1.161780314,S,1,2011,5,1,0,1,1,0
6535,20,A,0.956072634,S,1,2011,336,48,11,2,1,1
6535,22,F,0.884959953,S,1,2011,677,97,22,2,2,2
6535,4,C,0.986987585,S,1,2011,1119,160,37,2,3,3
6546,19,G,1.456550231,C,NULL,2009,4,1,0,1,1,0
6546,13,C,1.085730561,C,NULL,2009,501,72,16,2,2,1
6546,1,H,1.220997146,C,NULL,2009,748,107,25,2,3,2
6585,10,B,0.869789269,C,1,2009,10,1,0,1,1,0
6585,25,G,0.915342806,C,1,2009,438,63,14,2,2,1
6585,14,B,1.120704932,C,1,2009,1140,163,37,2,3,3
6585,16,D,0.706687635,C,1,2009,1515,216,50,2,4,4
6626,5,A,0.899926157,C,NULL,2012,2,0,0,1,1,0
6626,10,E,0.942731746,C,NULL,2012,242,35,8,2,1,1
6696,15,A,0.999222393,C,1,2009,7,1,0,1,1,0
6696,11,H,1.0047121,C,1,2009,336,48,11,2,1,1
6696,8,H,1.123428056,C,1,2009,713,102,23,2,2,2
6696,20,C,1.097783047,C,1,2009,1038,148,34,2,3,3
6696,20,F,1.143925929,C,1,2009,1379,197,45,2,4,4
6747,5,C,0.968843191,S,2,2012,7,1,0,1,1,0
6747,7,D,0.830152646,S,2,2012,223,32,7,2,1,1
6747,5,D,0.939768637,S,2,2012,609,87,20,2,2,2
6776,6,D,1.023888853,S,2,2011,3,0,0,1,1,0
6776,11,D,0.750147208,S,2,2011,273,39,9,2,1,1
6776,23,B,1.288828803,S,2,2011,622,89,20,2,2,2
6776,3,C,0.922598984,S,2,2011,1055,151,35,2,3,3
6784,1,C,1.157323489,C,2,2011,10,1,0,1,1,0
6784,25,B,1.337139771,C,2,2011,395,56,13,2,2,1
6784,11,H,1.088248054,C,2,2011,731,104,24,2,3,2
6784,8,C,1.126342604,C,2,2011,1177,168,39,2,3,3
6815,23,E,1.166507808,C,NULL,2009,0,0,0,1,1,0
6815,6,H,0.921579515,C,NULL,2009,2005,286,66,2,4,5
6815,18,E,1.136854087,C,NULL,2009,1100,157,36,2,3,3
6815,25,H,0.984052007,C,NULL,2009,1478,211,48,2,4,4
6815,21,C,1.278971308,C,NULL,2009,387,55,13,2,2,1
6815,17,F,1.249172253,C,NULL,2009,736,105,24,2,3,2
6873,11,C,1.340004142,S,1,2009,3,0,0,1,1,0
6873,22,A,1.176539013,S,1,2009,374,53,12,2,1,1
6873,16,A,0.962666063,S,1,2009,851,122,28,2,3,2
6873,15,D,1.07621878,S,1,2009,935,134,31,2,3,3
6873,18,D,0.907837022,S,1,2009,1005,144,33,2,3,3
6894,17,H,1.390270832,C,1,2010,3,0,0,1,1,0
6894,3,H,1.024503475,C,1,2010,459,66,15,2,2,1
6894,9,F,1.194273362,C,1,2010,768,110,25,2,3,2
6894,8,F,0.977025428,C,1,2010,1191,170,39,2,3,3
6894,21,B,1.228289247,C,1,2010,1599,228,52,2,4,4
6927,7,F,1.195971096,S,2,2011,12,2,0,1,1,0
6927,17,A,1.382508362,S,2,2011,365,52,12,2,1,1
6927,21,F,1.054759132,S,2,2011,753,108,25,2,3,2
6927,4,C,1.321936582,S,2,2011,1147,164,38,2,3,3
6944,10,G,1.044726417,C,NULL,2010,3,0,0,1,1,0
6944,5,B,0.95780584,C,NULL,2010,289,41,9,2,1,1
6944,20,A,1.049884181,C,NULL,2010,633,90,21,2,2,2
6944,2,D,1.024937139,C,NULL,2010,986,141,32,2,3,3
6944,6,E,1.004965711,C,NULL,2010,1435,205,47,2,4,4
6951,1,E,1.071915349,C,1,2010,3,0,0,1,1,0
6951,8,G,1.266363268,C,1,2010,6,1,0,1,1,0
6951,16,D,1.067124523,C,1,2010,47,7,2,1,1,0
6951,12,B,1.172358386,C,1,2010,377,54,12,2,1,1
6951,17,F,1.350689276,C,1,2010,698,100,23,2,2,2
6951,19,E,1.221226684,C,1,2010,1062,152,35,2,3,3
6951,9,E,0.910457153,C,1,2010,1517,217,50,2,4,4
6957,13,D,1.2170333,S,2,2010,4,1,0,1,1,0
6957,19,B,1.441653511,S,2,2010,329,47,11,2,1,1
6957,13,H,1.072309222,S,2,2010,677,97,22,2,2,2
6957,20,H,0.910832097,S,2,2010,1009,144,33,2,3,3
6957,7,B,1.215146198,S,2,2010,1469,210,48,2,4,4
7002,16,G,1.013221,C,2,2009,1,0,0,1,1,0
7002,20,A,0.964215555,C,2,2009,401,57,13,2,2,1
7002,6,G,0.763285422,C,2,2009,1474,211,48,2,4,4
7002,5,E,0.782842596,C,2,2009,1923,275,63,2,4,5
7002,4,C,0.951853758,C,2,2009,1107,158,36,2,3,3
7027,5,G,1.009208654,C,1,2009,5,1,0,1,1,0
7027,9,G,1.023313396,C,1,2009,383,55,13,2,2,1
7027,22,B,1.081760414,C,1,2009,1497,214,49,2,4,4
7027,4,H,1.149474778,C,1,2009,1922,275,63,2,4,5
7027,14,D,0.969933669,C,1,2009,859,123,28,2,3,2
7027,3,G,1.062356639,C,1,2009,1092,156,36,2,3,3
7060,17,F,1.621826073,S,2,2009,4,1,0,1,1,0
7060,17,C,1.269985914,S,2,2009,464,66,15,2,2,1
7060,9,F,1.035068371,S,2,2009,793,113,26,2,3,2
7060,20,E,1.200794223,S,2,2009,1161,166,38,2,3,3
7062,4,H,1.285254885,C,1,2011,7,1,0,1,1,0
7062,2,B,1.240087198,C,1,2011,374,53,12,2,1,1
7062,2,F,1.058304076,C,1,2011,1157,165,38,2,3,3
7062,20,D,0.889307518,C,1,2011,715,102,23,2,2,2
7120,5,F,1.182858439,C,2,2009,5,1,0,1,1,0
7120,15,B,1.324138496,C,2,2009,394,56,13,2,2,1
7120,9,A,1.103880394,C,2,2009,767,110,25,2,3,2
7120,6,A,1.295570162,C,2,2009,1100,157,36,2,3,3
7120,9,D,1.072163593,C,2,2009,1520,217,50,2,4,4
7120,15,B,1.210342376,C,2,2009,1978,283,65,2,4,5
7224,9,D,0.975483955,S,2,2010,6,1,0,1,1,0
7224,20,F,1.026994894,S,2,2010,443,63,15,2,2,1
7224,21,C,1.112171901,S,2,2010,755,108,25,2,3,2
7224,6,A,0.908508652,S,2,2010,1122,160,37,2,3,3
7224,11,E,1.056278564,S,2,2010,1550,221,51,2,4,4
7232,13,F,1.119655953,S,1,2011,14,2,0,1,1,0
7232,25,F,0.871043152,S,1,2011,441,63,14,2,2,1
7232,8,B,1.11529753,S,1,2011,780,111,26,2,3,2
7232,16,B,1.175379271,S,1,2011,1222,175,40,2,3,3
7239,7,G,1.175248497,S,1,2009,7,1,0,1,1,0
7239,6,D,1.094256874,S,1,2009,288,41,9,2,1,1
7239,22,H,0.934852669,S,1,2009,665,95,22,2,2,2
7239,16,A,1.153700752,S,1,2009,991,142,32,2,3,3
7239,6,A,1.364418823,S,1,2009,1367,195,45,2,4,4
7239,11,G,1.339006835,S,1,2009,1809,258,59,2,4,5
7286,21,F,0.969268168,C,1,2011,9,1,0,1,1,0
7286,17,A,1.042972445,C,1,2011,244,35,8,2,1,1
7286,4,E,0.862040176,C,1,2011,593,85,19,2,2,2
7286,15,H,1.109641878,C,1,2011,1024,146,34,2,3,3
7358,6,E,1.045453862,S,1,2011,10,1,0,1,1,0
7358,11,C,0.892721653,S,1,2011,321,46,11,2,1,1
7358,11,B,1.088824316,S,1,2011,660,94,22,2,2,2
7441,16,C,1.234084819,C,NULL,2009,3,0,0,1,1,0
7441,23,F,1.052739352,C,NULL,2009,516,74,17,2,2,1
7441,13,H,1.241589106,C,NULL,2009,835,119,27,2,3,2
7441,5,E,1.042532951,C,NULL,2009,1213,173,40,2,3,3
7441,16,E,0.996113979,C,NULL,2009,1661,237,54,2,4,5
7445,5,D,0.946396903,C,1,2010,7,1,0,1,1,0
7445,10,C,1.018895963,C,1,2010,350,50,11,2,1,1
7445,4,H,0.946815542,C,1,2010,1490,213,49,2,4,4
7445,15,F,0.982891329,C,1,2010,698,100,23,2,2,2
7445,15,A,0.879510605,C,1,2010,1035,148,34,2,3,3
7458,12,G,1.377562487,S,2,2008,5,1,0,1,1,0
7458,22,E,1.025312824,S,2,2008,552,79,18,2,2,2
7458,6,E,0.998934301,S,2,2008,926,132,30,2,3,3
7458,14,G,1.015553135,S,2,2008,1258,180,41,2,4,3
7458,21,G,0.873513768,S,2,2008,1549,221,51,2,4,4
7487,22,D,1.276423564,C,NULL,2009,5,1,0,1,1,0
7487,4,F,1.198293338,C,NULL,2009,509,73,17,2,2,1
7487,14,H,0.958298462,C,NULL,2009,773,110,25,2,3,2
7522,16,D,1.331202099,S,2,2010,5,1,0,1,1,0
7522,1,C,1.334154571,S,2,2010,516,74,17,2,2,1
7522,14,A,0.995614264,S,2,2010,852,122,28,2,3,2
7522,9,H,0.903729639,S,2,2010,1298,185,43,2,4,4
7526,3,E,1.314931542,S,1,2010,5,1,0,1,1,0
7526,3,B,1.146313166,S,1,2010,456,65,15,2,2,1
7526,3,H,0.949052848,S,1,2010,765,109,25,2,3,2
7526,20,A,0.819272405,S,1,2010,1176,168,39,2,3,3
7543,18,D,0.878305027,S,2,2009,4,1,0,1,1,0
7543,2,F,0.84850722,S,2,2009,391,56,13,2,2,1
7543,14,F,1.005546353,S,2,2009,764,109,25,2,3,2
7543,6,D,0.704250085,S,2,2009,1099,157,36,2,3,3
7543,22,G,0.894789102,S,2,2009,1465,209,48,2,4,4
7543,7,C,0.823612572,S,2,2009,1911,273,63,2,4,5
7543,6,B,0.96918747,S,2,2009,2090,299,69,2,4,6
7544,19,C,1.261980804,C,2,2008,14,2,0,1,1,0
7544,10,D,1.082290667,C,2,2008,445,64,15,2,2,1
7544,23,G,1.156889869,C,2,2008,837,120,27,2,3,2
7578,1,C,1.342904476,S,1,2011,10,1,0,1,1,0
7578,16,E,0.919339555,S,1,2011,437,62,14,2,2,1
7578,18,G,1.085352168,S,1,2011,825,118,27,2,3,2
7578,4,G,1.009484193,S,1,2011,1233,176,40,2,3,3
7588,15,D,1.056217922,S,1,2010,5,1,0,1,1,0
7588,13,C,1.285835584,S,1,2010,291,42,10,2,1,1
7588,9,H,1.082500443,S,1,2010,974,139,32,2,3,3
7588,8,B,1.270219131,S,1,2010,1416,202,46,2,4,4
7588,6,C,1.076592717,S,1,2010,1612,230,53,2,4,4
7602,13,H,1.67389742,S,2,2009,9,1,0,1,1,0
7602,8,A,0.93850891,S,2,2009,218,31,7,2,1,1
7602,21,A,1.117279099,S,2,2009,596,85,20,2,2,2
7602,21,B,1.330220214,S,2,2009,920,131,30,2,3,3
7602,16,H,1.096857243,S,2,2009,1295,185,42,2,4,4
7602,9,D,0.936855226,S,2,2009,1736,248,57,2,4,5
7626,20,E,0.977479729,C,1,2008,5,1,0,1,1,0
7626,4,F,0.90012553,C,1,2008,517,74,17,2,2,1
7626,24,E,0.892566496,C,1,2008,868,124,28,2,3,2
7626,15,G,0.845867813,C,1,2008,1219,174,40,2,3,3
7626,24,F,0.976698003,C,1,2008,1643,235,54,2,4,5
7626,19,G,0.940560974,C,1,2008,1825,261,60,2,4,5
7637,15,A,1.236270903,C,2,2009,5,1,0,1,1,0
7637,4,D,0.924699466,C,2,2009,392,56,13,2,2,1
7637,18,B,1.004251447,C,2,2009,868,124,28,2,3,2
7637,10,A,1.084795984,C,2,2009,1094,156,36,2,3,3
7645,11,C,1.128716696,S,2,2009,9,1,0,1,1,0
7645,16,C,1.250900654,S,2,2009,255,36,8,2,1,1
7645,14,H,1.154225371,S,2,2009,632,90,21,2,2,2
7645,5,A,0.913120182,S,2,2009,963,138,32,2,3,3
7645,19,H,0.873777665,S,2,2009,1329,190,44,2,4,4
7645,24,G,1.188313209,S,2,2009,1775,254,58,2,4,5
7674,6,A,1.056342848,C,1,2009,2,0,0,1,1,0
7674,4,F,0.882054133,C,1,2009,274,39,9,2,1,1
7674,2,D,0.939829278,C,1,2009,651,93,21,2,2,2
7674,14,H,0.914371951,C,1,2009,977,140,32,2,3,3
7743,24,D,1.005737376,C,NULL,2009,3,0,0,1,1,0
7743,20,H,1.13052266,C,NULL,2009,548,78,18,2,2,2
7743,12,D,1.321939946,C,NULL,2009,882,126,29,2,3,2
7743,11,F,1.156591298,C,NULL,2009,1260,180,41,2,4,3
7743,11,C,1.405515521,C,NULL,2009,1708,244,56,2,4,5
7765,24,D,0.979070479,C,NULL,2012,2,0,0,1,1,0
7765,17,H,1.112327945,C,NULL,2012,382,55,13,2,2,1
7816,7,D,1.058765875,S,2,2009,8,1,0,1,1,0
7816,23,D,0.762046032,S,2,2009,195,28,6,2,1,1
7816,12,E,0.955485584,S,2,2009,573,82,19,2,2,2
7816,16,E,1.125095149,S,2,2009,901,129,30,2,3,2
7816,6,F,0.955156876,S,2,2009,1268,181,42,2,4,3
7816,9,E,0.963884351,S,2,2009,1717,245,56,2,4,5
7822,20,C,1.448428168,S,1,2010,6,1,0,1,1,0
7822,20,G,1.193622861,S,1,2010,418,60,14,2,2,1
7822,10,F,1.388166074,S,1,2010,766,109,25,2,3,2
7822,8,D,1.417469513,S,1,2010,1103,158,36,2,3,3
7822,8,B,1.244267601,S,1,2010,1558,223,51,2,4,4
7832,11,D,1.069555913,S,NULL,2012,14,2,0,1,1,0
7832,13,C,1.087343712,S,NULL,2012,342,49,11,2,1,1
7832,23,A,1.275218767,S,NULL,2012,867,124,28,2,3,2
7854,18,A,1.405218459,C,1,2009,3,0,0,1,1,0
7854,12,A,1.202580764,C,1,2009,485,69,16,2,2,1
7854,11,F,0.907764453,C,1,2009,833,119,27,2,3,2
7854,11,A,0.926221798,C,1,2009,1205,172,40,2,3,3
7854,5,D,0.948129035,C,1,2009,1612,230,53,2,4,4
7868,1,F,1.065336458,S,2,2010,6,1,0,1,1,0
7868,22,E,0.933312009,S,2,2010,296,42,10,2,1,1
7868,9,C,0.992897109,S,2,2010,644,92,21,2,2,2
7868,15,E,0.900040298,S,2,2010,976,139,32,2,3,3
7868,14,F,1.014934433,S,2,2010,1436,205,47,2,4,4
7870,11,G,1.02333748,C,1,2011,6,1,0,1,1,0
7870,9,A,0.96634935,C,1,2011,226,32,7,2,1,1
7870,1,C,1.175581809,C,1,2011,575,82,19,2,2,2
7870,19,B,1.613725396,C,1,2011,1007,144,33,2,3,3
7905,10,A,0.956189296,C,1,2012,2,0,0,1,1,0
7905,13,D,0.894348229,C,1,2012,579,83,19,2,2,2
7905,15,A,0.959585755,C,1,2012,831,119,27,2,3,2
7908,13,G,1.223946676,S,2,2009,4,1,0,1,1,0
7908,23,G,0.975999769,S,2,2009,345,49,11,2,1,1
7908,13,H,0.989669397,S,2,2009,718,103,24,2,3,2
7908,22,G,0.964881689,S,2,2009,1052,150,34,2,3,3
7908,19,B,1.095039116,S,2,2009,1419,203,47,2,4,4
7908,19,C,1.386332986,S,2,2009,1865,266,61,2,4,5
7908,14,H,1.161967016,S,2,2009,2081,297,68,2,4,6
7982,11,D,1.479905169,S,NULL,2013,1,0,0,1,1,0
7982,3,D,1.023199237,S,NULL,2013,415,59,14,2,2,1
8017,1,H,0.952300171,C,2,2010,3,0,0,1,1,0
8017,13,E,0.930543122,C,2,2010,222,32,7,2,1,1
8017,12,C,1.254134826,C,2,2010,566,81,19,2,2,2
8017,11,E,0.860195374,C,2,2010,901,129,30,2,3,2
8017,3,F,0.999981845,C,2,2010,1350,193,44,2,4,4
8142,14,G,1.143573687,C,1,2012,4,1,0,1,1,0
8142,8,C,0.931675023,C,1,2012,420,60,14,2,2,1
8142,19,A,1.326480405,C,1,2012,852,122,28,2,3,2
8142,2,D,0.798617476,C,1,2012,1077,154,35,2,3,3
8204,5,G,1.170811094,S,1,2010,7,1,0,1,1,0
8204,25,B,1.216538302,S,1,2010,337,48,11,2,1,1
8204,14,B,1.167321079,S,1,2010,650,93,21,2,2,2
8204,8,G,0.892878951,S,1,2010,1020,146,33,2,3,3
8204,15,H,1.000132991,S,1,2010,1462,209,48,2,4,4
8269,24,H,1.556076159,C,NULL,2011,2,0,0,1,1,0
8269,15,F,1.455900137,C,NULL,2011,505,72,17,2,2,1
8269,9,B,1.483994949,C,NULL,2011,936,134,31,2,3,3
8287,1,D,1.080045625,C,2,2009,4,1,0,1,1,0
8287,23,D,1.052376564,C,2,2009,201,29,7,2,1,1
8287,3,D,1.078690105,C,2,2009,578,83,19,2,2,2
8287,13,E,1.058503715,C,2,2009,909,130,30,2,3,2
8287,8,F,1.182703892,C,2,2009,1275,182,42,2,4,3
8287,4,A,1.299757674,C,2,2009,1511,216,50,2,4,4
8287,19,E,1.109731846,C,2,2009,1719,246,56,2,4,5
8321,17,F,1.226123596,C,2,2010,5,1,0,1,1,0
8321,12,C,1.057118535,C,2,2010,456,65,15,2,2,1
8321,4,B,1.037555006,C,2,2010,768,110,25,2,3,2
8321,8,F,0.997423671,C,2,2010,1135,162,37,2,3,3
8321,23,G,0.878580803,C,2,2010,1584,226,52,2,4,4
8328,25,D,1.032470293,C,NULL,2010,4,1,0,1,1,0
8328,14,G,1.105056875,C,NULL,2010,432,62,14,2,2,1
8328,13,B,1.199129078,C,NULL,2010,751,107,25,2,3,2
8328,10,G,1.107200276,C,NULL,2010,1129,161,37,2,3,3
8328,12,H,0.931918299,C,NULL,2010,1579,226,52,2,4,4
8332,17,A,1.337913613,S,1,2010,4,1,0,1,1,0
8332,9,E,1.022059694,S,1,2010,466,67,15,2,2,1
8332,21,C,1.046723883,S,1,2010,805,115,26,2,3,2
8332,16,F,1.281695721,S,1,2010,1247,178,41,2,4,3
8345,16,B,1.161224731,C,1,2010,4,1,0,1,1,0
8345,15,F,0.82088443,C,1,2010,339,48,11,2,1,1
8345,20,B,1.083638579,C,1,2010,687,98,23,2,2,2
8345,4,A,1.258309983,C,1,2010,1024,146,34,2,3,3
8345,5,B,1.043238776,C,1,2010,1466,209,48,2,4,4
8421,17,B,1.618960424,C,1,2009,4,1,0,1,1,0
8421,8,E,1.10154842,C,1,2009,466,67,15,2,2,1
8421,19,E,1.293627666,C,1,2009,790,113,26,2,3,2
8421,7,D,1.250372349,C,1,2009,1166,167,38,2,3,3
8421,12,E,1.341244868,C,1,2009,1482,212,49,2,4,4
8439,7,C,0.969889226,C,1,2008,3,0,0,1,1,0
8439,20,E,0.918121171,C,1,2008,519,74,17,2,2,1
8439,18,G,0.809007791,C,1,2008,1222,175,40,2,3,3
8439,15,B,0.883973251,C,1,2008,1598,228,52,2,4,4
8439,24,A,1.078553823,C,1,2008,2037,291,67,2,4,6
8447,9,G,1.084711844,C,1,2009,14,2,0,1,1,0
8447,25,D,0.875858743,C,1,2009,260,37,9,2,1,1
8447,14,G,1.24840858,C,1,2009,637,91,21,2,2,2
8447,6,C,1.048295471,C,1,2009,963,138,32,2,3,3
8447,22,A,0.99309415,C,1,2009,1192,170,39,2,3,3
8455,9,G,0.853709134,C,1,2010,2,0,0,1,1,0
8455,17,E,0.77492975,C,1,2010,207,30,7,2,1,1
8455,13,A,0.937466684,C,1,2010,890,127,29,2,3,2
8455,13,D,0.933319872,C,1,2010,1332,190,44,2,4,4
8481,19,D,1.079627146,S,NULL,2010,6,1,0,1,1,0
8481,8,B,0.984776752,S,NULL,2010,457,65,15,2,2,1
8481,1,G,0.904890616,S,NULL,2010,778,111,26,2,3,2
8481,23,E,0.909841867,S,NULL,2010,1140,163,37,2,3,3
8481,10,E,0.834908101,S,NULL,2010,1602,229,53,2,4,4
8514,7,D,0.952274273,S,2,2010,5,1,0,1,1,0
8514,2,C,1.148519047,S,2,2010,509,73,17,2,2,1
8514,1,G,0.871068716,S,2,2010,844,121,28,2,3,2
8514,2,C,0.959963549,S,2,2010,1293,185,42,2,4,4
8530,17,E,1.610033656,S,NULL,2013,13,2,0,1,1,0
8530,6,F,1.039925422,S,NULL,2013,170,24,6,2,1,0
8556,5,D,0.905988471,C,1,2010,8,1,0,1,1,0
8556,18,D,0.998585262,C,1,2010,200,29,7,2,1,1
8556,23,G,1.011678166,C,1,2010,544,78,18,2,2,1
8556,10,F,1.059722842,C,1,2010,883,126,29,2,3,2
8556,24,C,1.262102285,C,1,2010,1325,189,43,2,4,4
8584,23,G,0.865273412,C,2,2009,12,2,0,1,1,0
8584,3,H,1.113969625,C,2,2009,209,30,7,2,1,1
8584,6,E,1.023705205,C,2,2009,917,131,30,2,3,3
8584,17,B,1.13845089,C,2,2009,1283,183,42,2,4,4
8584,10,A,0.924588895,C,2,2009,1743,249,57,2,4,5
8584,22,D,0.797286483,C,2,2009,587,84,19,2,2,2
8617,21,C,1.162036411,S,1,2009,5,1,0,1,1,0
8617,25,A,1.209508127,S,1,2009,482,69,16,2,2,1
8617,8,H,0.838440894,S,1,2009,812,116,27,2,3,2
8617,1,C,0.993856822,S,1,2009,1182,169,39,2,3,3
8617,21,H,0.842550643,S,1,2009,1588,227,52,2,4,4
8649,7,A,1.025149133,S,1,2011,7,1,0,1,1,0
8649,17,B,1.399327966,S,1,2011,259,37,8,2,1,1
8649,24,A,0.87002636,S,1,2011,608,87,20,2,2,2
8649,15,E,0.746301254,S,1,2011,1042,149,34,2,3,3
8652,6,D,1.248754115,C,1,2009,2,0,0,1,1,0
8652,6,C,1.000295525,C,1,2009,419,60,14,2,2,1
8652,19,G,0.895694547,C,1,2009,1496,214,49,2,4,4
8652,14,B,1.072406063,C,1,2009,1962,280,64,2,4,5
8707,24,B,1.091437895,C,2,2010,6,1,0,1,1,0
8707,18,B,1.084071579,C,2,2010,261,37,9,2,1,1
8707,16,B,0.909640855,C,2,2010,605,86,20,2,2,2
8707,7,E,0.78781955,C,2,2010,941,134,31,2,3,3
8707,17,G,0.936594478,C,2,2010,1387,198,45,2,4,4
8716,24,C,1.195866879,C,NULL,2010,2,0,0,1,1,0
8716,4,C,1.058641951,C,NULL,2010,453,65,15,2,2,1
8716,14,C,1.072972315,C,NULL,2010,1150,164,38,2,3,3
8716,13,C,1.278591324,C,NULL,2010,1605,229,53,2,4,4
8727,7,F,1.098505199,C,2,2011,8,1,0,1,1,0
8727,23,A,0.757886494,C,2,2011,339,48,11,2,1,1
8727,23,F,0.894967824,C,2,2011,727,104,24,2,3,2
8727,11,C,1.026504609,C,2,2011,1121,160,37,2,3,3
8762,11,B,1.363798163,S,2,2010,3,0,0,1,1,0
8762,12,D,1.076946672,S,2,2010,353,50,12,2,1,1
8762,13,F,0.956348936,S,2,2010,667,95,22,2,2,2
8762,12,G,1.074586261,S,2,2010,1033,148,34,2,3,3
8762,12,A,1.089045115,S,2,2010,1479,211,48,2,4,4
8767,18,C,1.157612683,C,2,2010,6,1,0,1,1,0
8767,12,H,0.961221759,C,2,2010,302,43,10,2,1,1
8767,23,H,0.831210528,C,2,2010,623,89,20,2,2,2
8767,18,C,1.004248743,C,2,2010,981,140,32,2,3,3
8767,18,B,1.180257441,C,2,2010,1430,204,47,2,4,4
8896,19,A,1.349067335,S,1,2009,6,1,0,1,1,0
8896,6,G,1.027159354,S,1,2009,203,29,7,2,1,1
8896,20,E,1.047110109,S,1,2009,1280,183,42,2,4,4
8896,5,G,1.221827532,S,1,2009,1722,246,56,2,4,5
8896,15,C,1.0567059,S,1,2009,580,83,19,2,2,2
8896,17,C,1.483383956,S,1,2009,905,129,30,2,3,2
8911,4,F,1.000595383,C,2,2010,5,1,0,1,1,0
8911,8,G,1.145041274,C,2,2010,301,43,10,2,1,1
8911,5,F,1.047945316,C,2,2010,649,93,21,2,2,2
8911,1,E,0.962572246,C,2,2010,1033,148,34,2,3,3
8911,8,A,0.880843629,C,2,2010,1429,204,47,2,4,4
9002,6,B,1.388367931,S,1,2011,9,1,0,1,1,0
9002,8,H,0.94639407,S,1,2011,376,54,12,2,1,1
9002,16,A,1.189358608,S,1,2011,731,104,24,2,3,2
9002,2,H,1.193456334,S,1,2011,1157,165,38,2,3,3
9005,11,H,0.944725647,S,NULL,2012,3,0,0,1,1,0
9005,11,B,0.97770995,S,NULL,2012,940,134,31,2,3,3
9029,23,E,0.895299817,C,NULL,2009,2,0,0,1,1,0
9029,3,H,0.876197941,C,NULL,2009,1928,275,63,2,4,5
9029,22,F,1.108977661,C,NULL,2009,1480,211,49,2,4,4
9029,21,E,1.002312255,C,NULL,2009,389,56,13,2,2,1
9126,13,B,1.344632301,S,1,2012,9,1,0,1,1,0
9126,1,G,1.060494833,S,1,2012,544,78,18,2,2,1
9131,9,G,1.626252498,S,2,2009,3,0,0,1,1,0
9131,1,A,1.289682092,S,2,2009,172,25,6,2,1,0
9131,1,B,1.232925047,S,2,2009,549,78,18,2,2,2
9131,9,E,1.301333421,S,2,2009,880,126,29,2,3,2
9131,13,A,1.036290677,S,2,2009,1246,178,41,2,4,3
9131,11,H,1.173910407,S,2,2009,1530,219,50,2,4,4
9151,18,G,1.302749259,C,2,2011,5,1,0,1,1,0
9151,16,C,0.947765067,C,2,2011,343,49,11,2,1,1
9151,16,H,0.817738745,C,2,2011,719,103,24,2,3,2
9151,2,B,1.274463233,C,2,2011,1125,161,37,2,3,3
9174,4,B,1.102106665,S,1,2008,3,0,0,1,1,0
9174,7,F,0.978899435,S,1,2008,774,111,25,2,3,2
9174,20,A,0.960648114,S,1,2008,908,130,30,2,3,2
9220,6,B,1.007386956,S,1,2011,4,1,0,1,1,0
9220,11,E,1.051412531,S,1,2011,342,49,11,2,1,1
9220,15,H,0.807567182,S,1,2011,730,104,24,2,3,2
9220,17,C,1.150294292,S,1,2011,930,133,30,2,3,3
9221,12,F,0.987973744,C,2,2009,9,1,0,1,1,0
9221,3,A,0.954960135,C,2,2009,555,79,18,2,2,2
9221,14,D,1.152235307,C,2,2009,884,126,29,2,3,2
9268,15,A,1.022652547,S,NULL,2011,5,1,0,1,1,0
9268,22,F,1.187753121,S,NULL,2011,358,51,12,2,1,1
9268,20,F,1.164726745,S,NULL,2011,707,101,23,2,2,2
9268,21,H,1.352537233,S,NULL,2011,1138,163,37,2,3,3
9277,9,D,1.022213296,S,1,2011,12,2,0,1,1,0
9277,17,E,1.248837576,S,1,2011,247,35,8,2,1,1
9277,18,E,1.288719939,S,1,2011,596,85,20,2,2,2
9277,17,A,1.282128295,S,1,2011,1028,147,34,2,3,3
9406,4,E,1.236645234,S,2,2011,4,1,0,1,1,0
9406,23,B,1.162629164,S,2,2011,342,49,11,2,1,1
9406,12,H,1.124937648,S,2,2011,718,103,24,2,3,2
9406,12,F,1.038193751,S,2,2011,1230,176,40,2,3,3
9447,7,B,1.105599727,C,NULL,2011,3,0,0,1,1,0
9447,1,A,0.804250659,C,NULL,2011,445,64,15,2,2,1
9447,5,G,0.997444114,C,NULL,2011,822,117,27,2,3,2
9477,7,C,0.986416193,S,1,2008,4,1,0,1,1,0
9477,7,H,0.884221514,S,1,2008,516,74,17,2,2,1
9477,6,F,0.862238565,S,1,2008,874,125,29,2,3,2
9477,19,D,1.015831398,S,1,2008,1219,174,40,2,3,3
9477,19,F,0.834400278,S,1,2008,1595,228,52,2,4,4
9477,23,C,0.895621782,S,1,2008,2015,288,66,2,4,6
9493,11,H,1.21184592,C,1,2011,6,1,0,1,1,0
9493,13,F,1.096421211,C,1,2011,226,32,7,2,1,1
9493,24,C,1.08842099,C,1,2011,575,82,19,2,2,2
9493,1,C,1.025585358,C,1,2011,1007,144,33,2,3,3
9518,24,F,1.173360518,S,1,2010,6,1,0,1,1,0
9518,9,A,0.809034663,S,1,2010,238,34,8,2,1,1
9518,6,F,1.017272832,S,1,2010,582,83,19,2,2,2
9518,10,G,0.933362668,S,1,2010,921,132,30,2,3,3
9518,10,B,0.962799035,S,1,2010,1343,192,44,2,4,4
9528,4,A,0.947963877,S,2,2011,5,1,0,1,1,0
9528,2,B,1.293434571,S,2,2011,372,53,12,2,1,1
9528,12,A,0.983259398,S,2,2011,760,109,25,2,3,2
9528,13,A,1.064879332,S,2,2011,1260,180,41,2,4,3
9679,12,B,1.177938614,C,2,2011,6,1,0,1,1,0
9679,3,B,1.232004608,C,2,2011,304,43,10,2,1,1
9679,7,F,1.044368461,C,2,2011,653,93,21,2,2,2
9679,21,A,1.115152359,C,2,2011,1088,155,36,2,3,3
9683,18,G,1.411677356,C,2,2009,9,1,0,1,1,0
9683,9,G,1.038754585,C,2,2009,426,61,14,2,2,1
9683,11,F,1.04139175,C,2,2009,800,114,26,2,3,2
9683,8,G,0.944430811,C,2,2009,1134,162,37,2,3,3
9683,21,B,1.02867702,C,2,2009,1552,222,51,2,4,4
9683,5,D,0.86899596,C,2,2009,1766,252,58,2,4,5
9746,12,B,1.433448268,C,NULL,2009,5,1,0,1,1,0
9746,16,A,0.955704899,C,NULL,2009,293,42,10,2,1,1
9746,22,C,0.919470138,C,NULL,2009,1384,198,45,2,4,4
9746,20,D,1.064462986,C,NULL,2009,1911,273,63,2,4,5
9746,11,G,0.835970879,C,NULL,2009,670,96,22,2,2,2
9746,25,F,0.90536145,C,NULL,2009,995,142,33,2,3,3
9747,24,A,0.912942799,S,NULL,2013,4,1,0,1,1,0
9747,19,C,1.25160628,S,NULL,2013,302,43,10,2,1,1
9819,10,H,1.192026337,C,NULL,2009,5,1,0,1,1,0
9819,6,F,1.034156582,C,NULL,2009,514,73,17,2,2,1
9819,22,C,1.098558807,C,NULL,2009,848,121,28,2,3,2
9819,7,G,1.170487747,C,NULL,2009,1226,175,40,2,3,3
9819,9,F,0.918008317,C,NULL,2009,1655,236,54,2,4,5
9829,10,D,0.941839909,S,1,2010,3,0,0,1,1,0
9829,9,B,1.071992409,S,1,2010,255,36,8,2,1,1
9829,18,H,1.015811506,S,1,2010,599,86,20,2,2,2
9829,1,B,1.158401099,S,1,2010,940,134,31,2,3,3
9829,10,C,1.129753837,S,1,2010,1382,197,45,2,4,4
9859,19,H,1.379011538,S,1,2009,3,0,0,1,1,0
9859,23,A,0.865785746,S,1,2009,200,29,7,2,1,1
9859,20,F,0.942285173,S,1,2009,578,83,19,2,2,2
9859,15,E,0.893955452,S,1,2009,902,129,30,2,3,2
9859,25,G,1.033918119,S,1,2009,1279,183,42,2,4,4
9859,22,G,1.002836779,S,1,2009,1718,245,56,2,4,5
9911,17,G,1.369805198,C,NULL,2008,4,1,0,1,1,0
9911,10,B,1.087239469,C,NULL,2008,551,79,18,2,2,2
9911,12,B,1.177112117,C,NULL,2008,937,134,31,2,3,3
9911,15,C,0.900060772,C,NULL,2008,1264,181,41,2,4,3
9914,2,H,0.953286677,C,NULL,2009,7,1,0,1,1,0
9914,11,A,0.879514017,C,NULL,2009,355,51,12,2,1,1
9914,17,H,1.066644395,C,NULL,2009,734,105,24,2,3,2
9942,14,F,1.28246446,S,2,2011,6,1,0,1,1,0
9942,18,D,1.24383811,S,2,2011,317,45,10,2,1,1
9942,22,E,1.011315873,S,2,2011,705,101,23,2,2,2
9942,16,A,1.422278537,S,2,2011,919,131,30,2,3,3
10001,3,D,1.160745949,S,2,2009,5,1,0,1,1,0
10001,6,C,1.470784061,S,2,2009,5,1,0,1,1,0
10001,24,G,1.072345957,S,2,2009,214,31,7,2,1,1
10001,4,E,1.26344886,S,2,2009,591,84,19,2,2,2
10001,18,F,1.336413774,S,2,2009,920,131,30,2,3,3
10001,11,F,1.073590676,S,2,2009,1287,184,42,2,4,4
10001,15,F,1.076782582,S,2,2009,1713,245,56,2,4,5
10010,14,E,1.213365753,S,2,2011,5,1,0,1,1,0
10010,2,E,1.168091228,S,2,2011,400,57,13,2,2,1
10010,12,A,0.853936698,S,2,2011,735,105,24,2,3,2
10010,8,C,1.023222597,S,2,2011,1184,169,39,2,3,3
10019,11,G,1.290537155,C,1,2009,3,0,0,1,1,0
10019,16,A,0.912069365,C,1,2009,339,48,11,2,1,1
10019,1,H,1.205036872,C,1,2009,815,116,27,2,3,2
10019,3,G,1.04227591,C,1,2009,1042,149,34,2,3,3
10019,9,C,1.031845199,C,1,2009,1418,203,46,2,4,4
10019,3,E,1.028219545,C,1,2009,1873,268,61,2,4,5
10048,5,F,1.147419537,C,2,2011,11,2,0,1,1,0
10048,2,G,0.795427954,C,2,2011,438,63,14,2,2,1
10120,7,G,1.267203829,C,1,2010,5,1,0,1,1,0
10120,19,E,0.9846612,C,1,2010,492,70,16,2,2,1
10120,15,B,1.195062977,C,1,2010,831,119,27,2,3,2
10120,13,F,1.130107781,C,1,2010,1273,182,42,2,4,3
10125,19,F,1.142658971,C,NULL,2010,2,0,0,1,1,0
10125,2,A,0.827446714,C,NULL,2010,242,35,8,2,1,1
10125,5,H,0.780431792,C,NULL,2010,925,132,30,2,3,3
10125,8,B,0.779760854,C,NULL,2010,1387,198,45,2,4,4
10177,24,A,1.024741157,C,1,2010,3,0,0,1,1,0
10177,14,E,0.950124537,C,1,2010,472,67,15,2,2,1
10177,23,C,0.83945055,C,1,2010,848,121,28,2,3,2
10177,6,H,0.987396633,C,1,2010,1255,179,41,2,4,3
10183,22,B,1.222456885,S,1,2010,4,1,0,1,1,0
10183,8,C,1.141407307,S,1,2010,416,59,14,2,2,1
10183,19,C,1.15214362,S,1,2010,764,109,25,2,3,2
10183,8,D,0.918166112,S,1,2010,1096,157,36,2,3,3
10183,2,H,1.027089774,S,1,2010,1596,228,52,2,4,4
10259,2,F,1.053348267,S,2,2009,4,1,0,1,1,0
10259,25,A,0.887475458,S,2,2009,285,41,9,2,1,1
10259,5,B,1.212858589,S,2,2009,662,95,22,2,2,2
10259,3,D,0.923541625,S,2,2009,993,142,33,2,3,3
10259,13,G,0.9613359,S,2,2009,1359,194,45,2,4,4
10259,20,B,1.060853592,S,2,2009,1595,228,52,2,4,4
10259,3,A,1.000142998,S,2,2009,1784,255,58,2,4,5
10284,19,B,1.230753891,C,2,2009,3,0,0,1,1,0
10284,12,B,1.138896689,C,2,2009,284,41,9,2,1,1
10284,12,C,1.025362922,C,2,2009,661,94,22,2,2,2
10284,10,C,1.078847156,C,2,2009,990,141,32,2,3,3
10324,14,A,1.255660592,S,2,2008,3,0,0,1,1,0
10324,22,F,0.89446996,S,2,2008,452,65,15,2,2,1
10420,22,G,0.983017577,S,2,2008,466,67,15,2,2,1
10420,12,D,0.79398588,S,2,2008,839,120,28,2,3,2
10420,24,C,0.988788664,S,2,2008,1172,167,38,2,3,3
10420,10,H,0.946612957,S,2,2008,1580,226,52,2,4,4
10420,18,G,1.209029616,S,2,2008,1988,284,65,2,4,5
10429,22,G,1.152205387,C,NULL,2009,7,1,0,1,1,0
10429,16,A,0.965647262,C,NULL,2009,378,54,12,2,1,1
10429,10,G,1.00426397,C,NULL,2009,764,109,25,2,3,2
10429,14,C,0.988658632,C,NULL,2009,1091,156,36,2,3,3
10429,17,G,1.290605209,C,NULL,2009,1469,210,48,2,4,4
10429,20,F,0.996370738,C,NULL,2009,1919,274,63,2,4,5
10482,22,F,0.864816233,C,NULL,2011,8,1,0,1,1,0
10482,2,A,1.197592145,C,NULL,2011,539,77,18,2,2,1
10533,7,C,1.371926136,S,1,2009,3,0,0,1,1,0
10533,16,G,1.063161686,S,1,2009,304,43,10,2,1,1
10533,23,E,1.07238764,S,1,2009,681,97,22,2,2,2
10533,16,G,1.033257366,S,1,2009,1007,144,33,2,3,3
10533,16,G,1.338740714,S,1,2009,1301,186,43,2,4,4
10595,22,A,1.064716434,C,NULL,2010,3,0,0,1,1,0
10595,3,D,0.822103463,C,NULL,2010,325,46,11,2,1,1
10639,5,F,1.271205937,S,1,2009,3,0,0,1,1,0
10639,17,D,1.253808454,S,1,2009,390,56,13,2,2,1
10639,20,D,0.913470922,S,1,2009,866,124,28,2,3,2
10639,13,G,0.994997227,S,1,2009,1092,156,36,2,3,3
10639,24,D,0.848529628,S,1,2009,1469,210,48,2,4,4
10639,24,F,1.127471987,S,1,2009,1911,273,63,2,4,5
10651,16,B,1.402469836,C,NULL,2011,5,1,0,1,1,0
10651,3,C,1.066238892,C,NULL,2011,351,50,12,2,1,1
10654,10,C,1.392431311,S,2,2009,9,1,0,1,1,0
10654,13,H,1.028319077,S,2,2009,539,77,18,2,2,1
10654,23,C,0.988012401,S,2,2009,868,124,28,2,3,2
10654,21,E,1.076090561,S,2,2009,1235,176,40,2,3,3
10654,20,G,0.850638043,S,2,2009,1739,248,57,2,4,5
10723,7,B,1.44592433,C,1,2012,2,0,0,1,1,0
10723,12,D,0.99981632,C,1,2012,400,57,13,2,2,1
10723,16,B,1.12716367,C,1,2012,832,119,27,2,3,2
10723,23,B,1.105898107,C,1,2012,1019,146,33,2,3,3
10729,25,F,1.556167693,C,NULL,2008,5,1,0,1,1,0
10729,15,H,1.106369548,C,NULL,2008,460,66,15,2,2,1
10729,21,A,1.157820591,C,NULL,2008,809,116,27,2,3,2
10729,8,G,0.990946281,C,NULL,2008,1173,168,38,2,3,3
10742,20,C,1.500008373,S,1,2011,5,1,0,1,1,0
10742,17,D,1.125553183,S,1,2011,264,38,9,2,1,1
10742,18,A,1.13238364,S,1,2011,619,88,20,2,2,2
10742,13,F,1.262636696,S,1,2011,1060,151,35,2,3,3
10760,22,A,1.011026415,S,1,2011,2,0,0,1,1,0
10760,4,B,0.986126859,S,1,2011,444,63,15,2,2,1
10760,19,F,1.078073478,S,1,2011,785,112,26,2,3,2
10760,5,G,0.988962964,S,1,2011,1227,175,40,2,3,3
10846,6,E,0.860032874,C,NULL,2011,4,1,0,1,1,0
10846,17,F,1.084233091,C,NULL,2011,447,64,15,2,2,1
10846,11,C,0.957291098,C,NULL,2011,878,125,29,2,3,2
10936,14,A,1.028322388,C,NULL,2011,4,1,0,1,1,0
10936,18,E,1.082831621,C,NULL,2011,468,67,15,2,2,1
10952,2,A,1.116154842,C,2,2009,12,2,0,1,1,0
10952,5,E,1.147296507,C,2,2009,221,32,7,2,1,1
10952,6,A,1.072948432,C,2,2009,598,85,20,2,2,2
10952,21,A,1.139381586,C,2,2009,929,133,30,2,3,3
10952,23,F,1.242103128,C,2,2009,1295,185,42,2,4,4
10952,15,C,1.068837928,C,2,2009,1741,249,57,2,4,5
10953,7,F,1.006144032,C,1,2010,4,1,0,1,1,0
10953,11,H,1.183725697,C,1,2010,473,68,16,2,2,1
10953,5,C,1.033682998,C,1,2010,814,116,27,2,3,2
10953,22,H,0.99838333,C,1,2010,1256,179,41,2,4,3